parlay_rank,league,home_team,away_team,game_date,game_time_est,best_pick,calibrated_probability,expected_value,edge,consensus_agreement,odds_american,market_probability,ml_probability
1,NCAAB,Arizona,Colorado,2026-03-07 00:00:00+00:00,,Under 156.5,0.6107142856476191,0.16590909078181837,0.08690476183809526,⚪ No Kalshi,-110.0,0.5238095238095238,
2,NCAAB,Washington,Oregon,2026-03-07 00:00:00+00:00,,Under 142.5,0.6107142856476191,0.16590909078181837,0.08690476183809526,⚪ No Kalshi,-110.0,0.5238095238095238,
3,NCAAB,Air Force,Nevada,2026-03-07 00:00:00+00:00,,Under 142.5,0.6023809524476191,0.150000000127273,0.0785714286380953,✅ Agrees,-110.0,0.5238095238095238,
4,NCAAB,Sacramento State,Idaho,2026-03-07 00:00:00+00:00,,Under 159.5,0.6023809524476191,0.150000000127273,0.0785714286380953,⚪ No Kalshi,-110.0,0.5238095238095238,
5,NHL,Carolina,Calgary,2026-03-07 00:00:00+00:00,,Under 6.0,0.6023809524476191,0.150000000127273,0.0785714286380953,⚪ No Kalshi,-110.0,0.5238095238095238,
6,NHL,NY Islanders,San Jose,2026-03-07 00:00:00+00:00,,Under 6.5,0.6023809524476191,0.150000000127273,0.0785714286380953,⚪ No Kalshi,-110.0,0.5238095238095238,
7,NHL,Ottawa,Seattle,2026-03-07 00:00:00+00:00,,Under 6.0,0.6023809524476191,0.150000000127273,0.0785714286380953,✅ Agrees,-110.0,0.5238095238095238,
8,NCAAB,Georgia Southern,Coastal Carolina,2026-03-07 00:00:00+00:00,,Under 149.5,0.5940476190476192,0.13409090909090937,0.07023809523809532,⚪ No Kalshi,-110.0,0.5238095238095238,
9,NCAAB,Northwestern,Minnesota,2026-03-07 00:00:00+00:00,,Under 133.5,0.5940476190476192,0.13409090909090937,0.07023809523809532,⚪ No Kalshi,-110.0,0.5238095238095238,
10,NCAAB,UC San Diego,UCSB,2026-03-07 00:00:00+00:00,,Over 139.5,0.5940476190476192,0.13409090909090937,0.07023809523809532,⚪ No Kalshi,-110.0,0.5238095238095238,
11,NCAAB,UCLA,USC,2026-03-07 00:00:00+00:00,,Under 150.5,0.5940476190476192,0.13409090909090937,0.07023809523809532,⚪ No Kalshi,-110.0,0.5238095238095238,
12,NCAAB,Utah Valley,Utah Tech,2026-03-07 00:00:00+00:00,,Over 147.5,0.5940476190476192,0.13409090909090937,0.07023809523809532,⚪ No Kalshi,-110.0,0.5238095238095238,
13,NBA,Golden State,Oklahoma City,2026-03-07 00:00:00+00:00,,Over 219.5,0.5898809524476192,0.12613636376363668,0.06607142863809534,✅ Agrees,-110.0,0.5238095238095238,
14,NCAAB,Auburn,Alabama,2026-03-07 00:00:00+00:00,,Over 176.5,0.5898809524476192,0.12613636376363668,0.06607142863809534,⚪ No Kalshi,-110.0,0.5238095238095238,
15,NCAAB,CA Baptist,Southern Utah,2026-03-07 00:00:00+00:00,,Under 147.5,0.5898809524476192,0.12613636376363668,0.06607142863809534,⚪ No Kalshi,-110.0,0.5238095238095238,
16,NCAAB,Elon University,William & Mary,2026-03-07 00:00:00+00:00,,Under 164.5,0.5898809524476192,0.12613636376363668,0.06607142863809534,⚪ No Kalshi,-110.0,0.5238095238095238,
17,NCAAB,Mount St. Mary's,Siena,2026-03-07 00:00:00+00:00,,Under 131.5,0.5898809524476192,0.12613636376363668,0.06607142863809534,⚪ No Kalshi,-110.0,0.5238095238095238,
18,NCAAB,Oklahoma,Texas,2026-03-07 00:00:00+00:00,,Under 155.5,0.5898809524476192,0.12613636376363668,0.06607142863809534,⚪ No Kalshi,-110.0,0.5238095238095238,
19,NCAAB,Western Carolina,Mercer,2026-03-07 00:00:00+00:00,,Under 154.5,0.5898809524476192,0.12613636376363668,0.06607142863809534,⚪ No Kalshi,-110.0,0.5238095238095238,
20,NBA,Los Angeles Clippers,Memphis,2026-03-07 00:00:00+00:00,,Over 228.5,0.5857142856476192,0.11818181805454575,0.061904761838095346,✅ Agrees,-110.0,0.5238095238095238,
21,NBA,Utah,Milwaukee,2026-03-07 00:00:00+00:00,,Over 234.5,0.5857142856476192,0.11818181805454575,0.061904761838095346,✅ Agrees,-110.0,0.5238095238095238,
22,NCAAB,Fresno St.,Grand Canyon,2026-03-07 00:00:00+00:00,,Over 146.5,0.5857142856476192,0.11818181805454575,0.061904761838095346,⚪ No Kalshi,-110.0,0.5238095238095238,
23,NCAAB,Providence,Georgetown,2026-03-07 00:00:00+00:00,,Over 157.5,0.5857142856476192,0.11818181805454575,0.061904761838095346,⚪ No Kalshi,-110.0,0.5238095238095238,
24,NCAAB,Northern Arizona,Idaho State,2026-03-07 00:00:00+00:00,,Over 141.5,0.5815476190476191,0.11022727272727284,0.057738095238095255,⚪ No Kalshi,-110.0,0.5238095238095238,
25,NHL,Montreal,Los Angeles,2026-03-07 00:00:00+00:00,,Over 6.0,0.5773809524476191,0.10227272740000015,0.053571428638095275,⚪ No Kalshi,-110.0,0.5238095238095238,
26,NHL,Tampa Bay,Toronto,2026-03-07 00:00:00+00:00,,Over 6.5,0.5773809524476191,0.10227272740000015,0.053571428638095275,⚪ No Kalshi,-110.0,0.5238095238095238,
27,NHL,Utah,Columbus,2026-03-07 00:00:00+00:00,,Under 6.0,0.5773809524476191,0.10227272740000015,0.053571428638095275,⚪ No Kalshi,-110.0,0.5238095238095238,
28,NHL,Vancouver,Winnipeg,2026-03-07 00:00:00+00:00,,Under 6.0,0.5773809524476191,0.10227272740000015,0.053571428638095275,⚪ No Kalshi,-110.0,0.5238095238095238,
29,NCAAB,North Carolina,Duke,2026-03-07 00:00:00+00:00,,Over 144.5,0.5732142856476191,0.09431818169090922,0.04940476183809528,⚪ No Kalshi,-110.0,0.5238095238095238,
30,NCAAB,Southern Miss,Appalachian St.,2026-03-07 00:00:00+00:00,,Under 135.5,0.5732142856476191,0.09431818169090922,0.04940476183809528,⚪ No Kalshi,-110.0,0.5238095238095238,
31,NBA,Brooklyn,Detroit,2026-03-07 00:00:00+00:00,,Under 215.5,0.5690476190476191,0.08636363636363653,0.0452380952380953,✅ Agrees,-110.0,0.5238095238095238,
32,NBA,Philadelphia,Atlanta,2026-03-07 00:00:00+00:00,,Over 233.5,0.5690476190476191,0.08636363636363653,0.0452380952380953,✅ Agrees,-110.0,0.5238095238095238,
33,NCAAB,Furman,Samford,2026-03-07 00:00:00+00:00,,Over 146.5,0.5690476190476191,0.08636363636363653,0.0452380952380953,⚪ No Kalshi,-110.0,0.5238095238095238,
34,NCAAB,Hampton,Towson,2026-03-07 00:00:00+00:00,,Under 130.5,0.5690476190476191,0.08636363636363653,0.0452380952380953,⚪ No Kalshi,-110.0,0.5238095238095238,
35,NCAAB,Marist,Quinnipiac,2026-03-07 00:00:00+00:00,,Over 130.5,0.5690476190476191,0.08636363636363653,0.0452380952380953,⚪ No Kalshi,-110.0,0.5238095238095238,
36,NCAAB,Northern Iowa,Bradley,2026-03-07 00:00:00+00:00,,Over 125.5,0.5690476190476191,0.08636363636363653,0.0452380952380953,⚪ No Kalshi,-110.0,0.5238095238095238,
37,NCAAB,Indiana,Ohio St.,2026-03-07 00:00:00+00:00,,Under 149.5,0.5648809524476192,0.07840909103636384,0.04107142863809532,⚪ No Kalshi,-110.0,0.5238095238095238,
38,NHL,Nashville,Buffalo,2026-03-07 00:00:00+00:00,,Under 6.5,0.5648809524476192,0.07840909103636384,0.04107142863809532,⚪ No Kalshi,-110.0,0.5238095238095238,
39,NHL,Philadelphia,Pittsburgh,2026-03-07 00:00:00+00:00,,Over 6.0,0.5648809524476192,0.07840909103636384,0.04107142863809532,⚪ No Kalshi,-110.0,0.5238095238095238,
40,NCAAB,Utah,Baylor,2026-03-07 00:00:00+00:00,,Over 151.5,0.5607142856476192,0.07045454532727302,0.036904761838095324,⚪ No Kalshi,-110.0,0.5238095238095238,
41,NCAAB,Wyoming,San Jose St.,2026-03-07 00:00:00+00:00,,Under 148.5,0.5607142856476192,0.07045454532727302,0.036904761838095324,⚪ No Kalshi,-110.0,0.5238095238095238,
42,NCAAB,Pittsburgh,Syracuse,2026-03-07 00:00:00+00:00,,Over 140.5,0.5565476190476191,0.06250000000000011,0.03273809523809523,⚪ No Kalshi,-110.0,0.5238095238095238,
43,NCAAB,Boise St.,Colorado St.,2026-03-07 00:00:00+00:00,,Over 142.5,0.5523809524476191,0.05454545467272742,0.028571428638095253,⚪ No Kalshi,-110.0,0.5238095238095238,
44,NCAAB,California,Wake Forest,2026-03-07 00:00:00+00:00,,Under 151.5,0.5523809524476191,0.05454545467272742,0.028571428638095253,⚪ No Kalshi,-110.0,0.5238095238095238,
45,NCAAB,Florida,Kentucky,2026-03-07 00:00:00+00:00,,Over 157.5,0.5523809524476191,0.05454545467272742,0.028571428638095253,⚪ No Kalshi,-110.0,0.5238095238095238,
46,NCAAB,Florida Atlantic,Wichita St.,2026-03-07 00:00:00+00:00,,Over 146.5,0.5523809524476191,0.05454545467272742,0.028571428638095253,⚪ No Kalshi,-110.0,0.5238095238095238,
47,NCAAB,Kennesaw St.,New Mexico St.,2026-03-07 00:00:00+00:00,,Under 154.5,0.5523809524476191,0.05454545467272742,0.028571428638095253,⚪ No Kalshi,-110.0,0.5238095238095238,
48,NCAAB,New Mexico,Utah St.,2026-03-07 00:00:00+00:00,,Under 157.5,0.5523809524476191,0.05454545467272742,0.028571428638095253,⚪ No Kalshi,-110.0,0.5238095238095238,
49,NCAAB,Saint Louis,George Mason,2026-03-07 00:00:00+00:00,,Over 145.5,0.5523809524476191,0.05454545467272742,0.028571428638095253,⚪ No Kalshi,-110.0,0.5238095238095238,
50,NCAAB,Wisconsin,Purdue,2026-03-07 00:00:00+00:00,,Under 157.5,0.5523809524476191,0.05454545467272742,0.028571428638095253,⚪ No Kalshi,-110.0,0.5238095238095238,
51,NBA,Orlando,Minnesota,2026-03-07 00:00:00+00:00,,Over 224.5,0.5440476190476191,0.0386363636363638,0.020238095238095277,✅ Agrees,-110.0,0.5238095238095238,
52,NCAAB,Jacksonville St.,UTEP,2026-03-07 00:00:00+00:00,,Under 139.5,0.5440476190476191,0.0386363636363638,0.020238095238095277,⚪ No Kalshi,-110.0,0.5238095238095238,
53,NCAAB,Middle TN,Missouri St.,2026-03-07 00:00:00+00:00,,Over 144.5,0.5440476190476191,0.0386363636363638,0.020238095238095277,⚪ No Kalshi,-110.0,0.5238095238095238,
54,NHL,NY Rangers,New Jersey,2026-03-07 00:00:00+00:00,,Over 5.5,0.5440476190476191,0.0386363636363638,0.020238095238095277,⚪ No Kalshi,-110.0,0.5238095238095238,
55,NCAAB,Northeastern,Drexel,2026-03-07 00:00:00+00:00,,Under 140.5,0.5398809524476191,0.030681818309091113,0.016071428638095298,⚪ No Kalshi,-110.0,0.5238095238095238,
56,NCAAB,Presbyterian,Winthrop,2026-03-07 00:00:00+00:00,,Over 145.5,0.5398809524476191,0.030681818309091113,0.016071428638095298,⚪ No Kalshi,-110.0,0.5238095238095238,
57,NCAAB,Arizona State,Iowa State,2026-03-07 00:00:00+00:00,,Under 148.5,0.5357142856476191,0.022727272600000237,0.011904761838095301,⚪ No Kalshi,-110.0,0.5238095238095238,
58,NCAAB,Bryant,Vermont,2026-03-07 00:00:00+00:00,,Under 132.5,0.5357142856476191,0.022727272600000237,0.011904761838095301,⚪ No Kalshi,-110.0,0.5238095238095238,
59,NCAAB,Cincinnati,Texas Christian,2026-03-07 00:00:00+00:00,,Over 138.5,0.5357142856476191,0.022727272600000237,0.011904761838095301,⚪ No Kalshi,-110.0,0.5238095238095238,
60,NCAAB,Cornell,Dartmouth,2026-03-07 00:00:00+00:00,,Over 165.5,0.5357142856476191,0.022727272600000237,0.011904761838095301,⚪ No Kalshi,-110.0,0.5238095238095238,
61,NCAAB,Kansas State,Kansas,2026-03-07 00:00:00+00:00,,Over 151.5,0.5357142856476191,0.022727272600000237,0.011904761838095301,⚪ No Kalshi,-110.0,0.5238095238095238,
62,NCAAB,Louisville,Miami-Florida,2026-03-07 00:00:00+00:00,,Under 157.5,0.5357142856476191,0.022727272600000237,0.011904761838095301,⚪ No Kalshi,-110.0,0.5238095238095238,
63,NCAAB,Princeton,Yale,2026-03-07 00:00:00+00:00,,Under 135.5,0.5357142856476191,0.022727272600000237,0.011904761838095301,⚪ No Kalshi,-110.0,0.5238095238095238,
64,NCAAB,Rhode Island,Fordham,2026-03-07 00:00:00+00:00,,Under 134.5,0.5357142856476191,0.022727272600000237,0.011904761838095301,⚪ No Kalshi,-110.0,0.5238095238095238,
65,NCAAB,Richmond,Duquesne,2026-03-07 00:00:00+00:00,,Under 149.5,0.5357142856476191,0.022727272600000237,0.011904761838095301,⚪ No Kalshi,-110.0,0.5238095238095238,
66,NCAAB,SMU,Florida State,2026-03-07 00:00:00+00:00,,Under 161.5,0.5357142856476191,0.022727272600000237,0.011904761838095301,⚪ No Kalshi,-110.0,0.5238095238095238,
67,NCAAB,Sam Houston St.,Liberty,2026-03-07 00:00:00+00:00,,Under 156.5,0.5357142856476191,0.022727272600000237,0.011904761838095301,⚪ No Kalshi,-110.0,0.5238095238095238,
68,NCAAB,Vanderbilt,Tennessee,2026-03-07 00:00:00+00:00,,Under 147.5,0.5357142856476191,0.022727272600000237,0.011904761838095301,⚪ No Kalshi,-110.0,0.5238095238095238,
69,NCAAB,Wagner,LIU,2026-03-07 00:00:00+00:00,,Under 140.5,0.5357142856476191,0.022727272600000237,0.011904761838095301,⚪ No Kalshi,-110.0,0.5238095238095238,
70,NCAAB,Western Kentucky,FIU,2026-03-07 00:00:00+00:00,,Over 159.5,0.5357142856476191,0.022727272600000237,0.011904761838095301,⚪ No Kalshi,-110.0,0.5238095238095238,
71,NCAAB,La Salle,Saint Joseph's,2026-03-07 00:00:00+00:00,,Over 140.5,0.5273809524476192,0.00681818194545486,0.003571428638095342,⚪ No Kalshi,-110.0,0.5238095238095238,
72,NCAAB,New Hampshire,UMBC,2026-03-07 00:00:00+00:00,,Over 137.5,0.5273809524476192,0.00681818194545486,0.003571428638095342,⚪ No Kalshi,-110.0,0.5238095238095238,
73,NBA,Atlanta,Philadelphia,2026-03-07 00:00:00+00:00,,Atlanta -6.5,0.523809523809524,2.7755575615628914e-16,1.1102230246251565e-16,✅ Agrees,-110.0,0.5238095238095238,
74,NBA,Detroit,Brooklyn,2026-03-07 00:00:00+00:00,,Detroit -16.5,0.523809523809524,2.7755575615628914e-16,1.1102230246251565e-16,✅ Agrees,-110.0,0.5238095238095238,
75,NBA,Memphis,Los Angeles Clippers,2026-03-07 00:00:00+00:00,,Memphis +7.5,0.523809523809524,2.7755575615628914e-16,1.1102230246251565e-16,✅ Agrees,-110.0,0.5238095238095238,
76,NBA,Milwaukee,Utah,2026-03-07 00:00:00+00:00,,Milwaukee -10.5,0.523809523809524,2.7755575615628914e-16,1.1102230246251565e-16,✅ Agrees,-110.0,0.5238095238095238,
77,NBA,Minnesota,Orlando,2026-03-07 00:00:00+00:00,,Minnesota -6.5,0.523809523809524,2.7755575615628914e-16,1.1102230246251565e-16,✅ Agrees,-110.0,0.5238095238095238,
78,NBA,Oklahoma City,Golden State,2026-03-07 00:00:00+00:00,,Oklahoma City -14.5,0.523809523809524,2.7755575615628914e-16,1.1102230246251565e-16,✅ Agrees,-110.0,0.5238095238095238,
79,NCAAB,Alabama,Auburn,2026-03-07 00:00:00+00:00,,Auburn +8.5,0.523809523809524,2.7755575615628914e-16,1.1102230246251565e-16,⚪ No Kalshi,-110.0,0.5238095238095238,
80,NCAAB,Appalachian St.,Southern Miss,2026-03-07 00:00:00+00:00,,Southern Miss +4.5,0.523809523809524,2.7755575615628914e-16,1.1102230246251565e-16,⚪ No Kalshi,-110.0,0.5238095238095238,
81,NCAAB,Austin Peay,Queens NC,2026-03-07 00:00:00+00:00,,Queens NC +1.5,0.523809523809524,2.7755575615628914e-16,1.1102230246251565e-16,⚪ No Kalshi,-110.0,0.5238095238095238,
82,NCAAB,Baylor,Utah,2026-03-07 00:00:00+00:00,,Utah +12.5,0.523809523809524,2.7755575615628914e-16,1.1102230246251565e-16,⚪ No Kalshi,-110.0,0.5238095238095238,
83,NCAAB,Bradley,Northern Iowa,2026-03-07 00:00:00+00:00,,Northern Iowa +4.5,0.523809523809524,2.7755575615628914e-16,1.1102230246251565e-16,⚪ No Kalshi,-110.0,0.5238095238095238,
84,NCAAB,Clemson,Georgia Tech,2026-03-07 00:00:00+00:00,,Georgia Tech +17.5,0.523809523809524,2.7755575615628914e-16,1.1102230246251565e-16,⚪ No Kalshi,-110.0,0.5238095238095238,
85,NCAAB,Coastal Carolina,Georgia Southern,2026-03-07 00:00:00+00:00,,Georgia Southern +2.5,0.523809523809524,2.7755575615628914e-16,1.1102230246251565e-16,⚪ No Kalshi,-110.0,0.5238095238095238,
86,NCAAB,Colorado,Arizona,2026-03-07 00:00:00+00:00,,Arizona +17.5,0.523809523809524,2.7755575615628914e-16,1.1102230246251565e-16,⚪ No Kalshi,-110.0,0.5238095238095238,
87,NCAAB,Colorado St.,Boise St.,2026-03-07 00:00:00+00:00,,Boise St. +1.5,0.523809523809524,2.7755575615628914e-16,1.1102230246251565e-16,⚪ No Kalshi,-110.0,0.5238095238095238,
88,NCAAB,Dartmouth,Cornell,2026-03-07 00:00:00+00:00,,Cornell +4.5,0.523809523809524,2.7755575615628914e-16,1.1102230246251565e-16,⚪ No Kalshi,-110.0,0.5238095238095238,
89,NCAAB,DePaul,Butler,2026-03-07 00:00:00+00:00,,Butler +3.5,0.523809523809524,2.7755575615628914e-16,1.1102230246251565e-16,⚪ No Kalshi,-110.0,0.5238095238095238,
90,NCAAB,Delaware,Louisiana Tech,2026-03-07 00:00:00+00:00,,Louisiana Tech +1.5,0.523809523809524,2.7755575615628914e-16,1.1102230246251565e-16,⚪ No Kalshi,-110.0,0.5238095238095238,
91,NCAAB,Drexel,Northeastern,2026-03-07 00:00:00+00:00,,Northeastern +4.5,0.523809523809524,2.7755575615628914e-16,1.1102230246251565e-16,⚪ No Kalshi,-110.0,0.5238095238095238,
92,NCAAB,Duke,North Carolina,2026-03-07 00:00:00+00:00,,North Carolina +17.5,0.523809523809524,2.7755575615628914e-16,1.1102230246251565e-16,⚪ No Kalshi,-110.0,0.5238095238095238,
93,NCAAB,Duquesne,Richmond,2026-03-07 00:00:00+00:00,,Richmond +4.5,0.523809523809524,2.7755575615628914e-16,1.1102230246251565e-16,⚪ No Kalshi,-110.0,0.5238095238095238,
94,NCAAB,FIU,Western Kentucky,2026-03-07 00:00:00+00:00,,Western Kentucky +1.5,0.523809523809524,2.7755575615628914e-16,1.1102230246251565e-16,⚪ No Kalshi,-110.0,0.5238095238095238,
95,NCAAB,Florida State,SMU,2026-03-07 00:00:00+00:00,,SMU +1.5,0.523809523809524,2.7755575615628914e-16,1.1102230246251565e-16,⚪ No Kalshi,-110.0,0.5238095238095238,
96,NCAAB,Fordham,Rhode Island,2026-03-07 00:00:00+00:00,,Fordham -1.5,0.523809523809524,2.7755575615628914e-16,1.1102230246251565e-16,⚪ No Kalshi,-110.0,0.5238095238095238,
97,NCAAB,George Mason,Saint Louis,2026-03-07 00:00:00+00:00,,George Mason +7.5,0.523809523809524,2.7755575615628914e-16,1.1102230246251565e-16,⚪ No Kalshi,-110.0,0.5238095238095238,
98,NCAAB,Georgetown,Providence,2026-03-07 00:00:00+00:00,,Georgetown -1.5,0.523809523809524,2.7755575615628914e-16,1.1102230246251565e-16,⚪ No Kalshi,-110.0,0.5238095238095238,
99,NCAAB,Grand Canyon,Fresno St.,2026-03-07 00:00:00+00:00,,Grand Canyon -13.5,0.523809523809524,2.7755575615628914e-16,1.1102230246251565e-16,⚪ No Kalshi,-110.0,0.5238095238095238,
100,NCAAB,High Point,UNC Asheville,2026-03-07 00:00:00+00:00,,High Point -14.5,0.523809523809524,2.7755575615628914e-16,1.1102230246251565e-16,⚪ No Kalshi,-110.0,0.5238095238095238,
101,NCAAB,Idaho,Sacramento State,2026-03-07 00:00:00+00:00,,Idaho -6.5,0.523809523809524,2.7755575615628914e-16,1.1102230246251565e-16,⚪ No Kalshi,-110.0,0.5238095238095238,
102,NCAAB,Idaho State,Northern Arizona,2026-03-07 00:00:00+00:00,,Idaho State -5.5,0.523809523809524,2.7755575615628914e-16,1.1102230246251565e-16,⚪ No Kalshi,-110.0,0.5238095238095238,
103,NCAAB,Iowa State,Arizona State,2026-03-07 00:00:00+00:00,,Iowa State -15.5,0.523809523809524,2.7755575615628914e-16,1.1102230246251565e-16,⚪ No Kalshi,-110.0,0.5238095238095238,
104,NCAAB,Kansas,Kansas State,2026-03-07 00:00:00+00:00,,Kansas +16.5,0.523809523809524,2.7755575615628914e-16,1.1102230246251565e-16,⚪ No Kalshi,-110.0,0.5238095238095238,
105,NCAAB,Kentucky,Florida,2026-03-07 00:00:00+00:00,,Kentucky +6.5,0.523809523809524,2.7755575615628914e-16,1.1102230246251565e-16,⚪ No Kalshi,-110.0,0.5238095238095238,
106,NCAAB,LIU,Wagner,2026-03-07 00:00:00+00:00,,LIU -8.5,0.523809523809524,2.7755575615628914e-16,1.1102230246251565e-16,⚪ No Kalshi,-110.0,0.5238095238095238,
107,NCAAB,Liberty,Sam Houston St.,2026-03-07 00:00:00+00:00,,Liberty -5.5,0.523809523809524,2.7755575615628914e-16,1.1102230246251565e-16,⚪ No Kalshi,-110.0,0.5238095238095238,
108,NCAAB,Marquette,Connecticut,2026-03-07 00:00:00+00:00,,Marquette +9.5,0.523809523809524,2.7755575615628914e-16,1.1102230246251565e-16,⚪ No Kalshi,-110.0,0.5238095238095238,
109,NCAAB,Mercer,Western Carolina,2026-03-07 00:00:00+00:00,,Mercer -2.5,0.523809523809524,2.7755575615628914e-16,1.1102230246251565e-16,⚪ No Kalshi,-110.0,0.5238095238095238,
110,NCAAB,Mercyhurst,Stonehill,2026-03-07 00:00:00+00:00,,Mercyhurst -5.5,0.523809523809524,2.7755575615628914e-16,1.1102230246251565e-16,⚪ No Kalshi,-110.0,0.5238095238095238,
111,NCAAB,Miami-Florida,Louisville,2026-03-07 00:00:00+00:00,,Miami-Florida +1.5,0.523809523809524,2.7755575615628914e-16,1.1102230246251565e-16,⚪ No Kalshi,-110.0,0.5238095238095238,
112,NCAAB,Minnesota,Northwestern,2026-03-07 00:00:00+00:00,,Northwestern +3.5,0.523809523809524,2.7755575615628914e-16,1.1102230246251565e-16,⚪ No Kalshi,-110.0,0.5238095238095238,
113,NCAAB,Missouri,Arkansas,2026-03-07 00:00:00+00:00,,Missouri -1.5,0.523809523809524,2.7755575615628914e-16,1.1102230246251565e-16,⚪ No Kalshi,-110.0,0.5238095238095238,
114,NCAAB,Missouri St.,Middle TN,2026-03-07 00:00:00+00:00,,Missouri St. +1.5,0.523809523809524,2.7755575615628914e-16,1.1102230246251565e-16,⚪ No Kalshi,-110.0,0.5238095238095238,
115,NCAAB,Nevada,Air Force,2026-03-07 00:00:00+00:00,,Nevada -24.5,0.523809523809524,2.7755575615628914e-16,1.1102230246251565e-16,⚪ No Kalshi,-110.0,0.5238095238095238,
116,NCAAB,New Mexico St.,Kennesaw St.,2026-03-07 00:00:00+00:00,,New Mexico St. -2.5,0.523809523809524,2.7755575615628914e-16,1.1102230246251565e-16,⚪ No Kalshi,-110.0,0.5238095238095238,
117,NCAAB,Ohio St.,Indiana,2026-03-07 00:00:00+00:00,,Ohio St. -4.5,0.523809523809524,2.7755575615628914e-16,1.1102230246251565e-16,⚪ No Kalshi,-110.0,0.5238095238095238,
118,NCAAB,Oklahoma State,Houston,2026-03-07 00:00:00+00:00,,Oklahoma State +12.5,0.523809523809524,2.7755575615628914e-16,1.1102230246251565e-16,⚪ No Kalshi,-110.0,0.5238095238095238,
119,NCAAB,Oregon,Washington,2026-03-07 00:00:00+00:00,,Oregon +1.5,0.523809523809524,2.7755575615628914e-16,1.1102230246251565e-16,⚪ No Kalshi,-110.0,0.5238095238095238,
120,NCAAB,Pacific,Seattle,2026-03-07 00:00:00+00:00,,Pacific -1.5,0.523809523809524,2.7755575615628914e-16,1.1102230246251565e-16,⚪ No Kalshi,-110.0,0.5238095238095238,
121,NCAAB,Purdue,Wisconsin,2026-03-07 00:00:00+00:00,,Purdue -8.5,0.523809523809524,2.7755575615628914e-16,1.1102230246251565e-16,⚪ No Kalshi,-110.0,0.5238095238095238,
122,NCAAB,Quinnipiac,Marist,2026-03-07 00:00:00+00:00,,Quinnipiac -2.5,0.523809523809524,2.7755575615628914e-16,1.1102230246251565e-16,⚪ No Kalshi,-110.0,0.5238095238095238,
123,NCAAB,Saint Joseph's,La Salle,2026-03-07 00:00:00+00:00,,Saint Joseph's -9.5,0.523809523809524,2.7755575615628914e-16,1.1102230246251565e-16,⚪ No Kalshi,-110.0,0.5238095238095238,
124,NCAAB,Samford,Furman,2026-03-07 00:00:00+00:00,,Samford -1.5,0.523809523809524,2.7755575615628914e-16,1.1102230246251565e-16,⚪ No Kalshi,-110.0,0.5238095238095238,
125,NCAAB,San Francisco,Portland,2026-03-07 00:00:00+00:00,,San Francisco -7.5,0.523809523809524,2.7755575615628914e-16,1.1102230246251565e-16,⚪ No Kalshi,-110.0,0.5238095238095238,
126,NCAAB,San Jose St.,Wyoming,2026-03-07 00:00:00+00:00,,San Jose St. +5.5,0.523809523809524,2.7755575615628914e-16,1.1102230246251565e-16,⚪ No Kalshi,-110.0,0.5238095238095238,
127,NCAAB,Siena,Mount St. Mary's,2026-03-07 00:00:00+00:00,,Siena -2.5,0.523809523809524,2.7755575615628914e-16,1.1102230246251565e-16,⚪ No Kalshi,-110.0,0.5238095238095238,
128,NCAAB,Southern Utah,CA Baptist,2026-03-07 00:00:00+00:00,,Southern Utah +6.5,0.523809523809524,2.7755575615628914e-16,1.1102230246251565e-16,⚪ No Kalshi,-110.0,0.5238095238095238,
129,NCAAB,St Bonaventure,Davidson,2026-03-07 00:00:00+00:00,,St Bonaventure -3.5,0.523809523809524,2.7755575615628914e-16,1.1102230246251565e-16,⚪ No Kalshi,-110.0,0.5238095238095238,
130,NCAAB,Stony Brook,Campbell,2026-03-07 00:00:00+00:00,,Stony Brook +2.5,0.523809523809524,2.7755575615628914e-16,1.1102230246251565e-16,⚪ No Kalshi,-110.0,0.5238095238095238,
131,NCAAB,Syracuse,Pittsburgh,2026-03-07 00:00:00+00:00,,Syracuse -6.5,0.523809523809524,2.7755575615628914e-16,1.1102230246251565e-16,⚪ No Kalshi,-110.0,0.5238095238095238,
132,NCAAB,Tennessee,Vanderbilt,2026-03-07 00:00:00+00:00,,Tennessee -3.5,0.523809523809524,2.7755575615628914e-16,1.1102230246251565e-16,⚪ No Kalshi,-110.0,0.5238095238095238,
133,NCAAB,Tennessee St.,Morehead St.,2026-03-07 00:00:00+00:00,,Tennessee St. -4.5,0.523809523809524,2.7755575615628914e-16,1.1102230246251565e-16,⚪ No Kalshi,-110.0,0.5238095238095238,
134,NCAAB,Texas,Oklahoma,2026-03-07 00:00:00+00:00,,Texas -7.5,0.523809523809524,2.7755575615628914e-16,1.1102230246251565e-16,⚪ No Kalshi,-110.0,0.5238095238095238,
135,NCAAB,Texas Christian,Cincinnati,2026-03-07 00:00:00+00:00,,Texas Christian +1.5,0.523809523809524,2.7755575615628914e-16,1.1102230246251565e-16,⚪ No Kalshi,-110.0,0.5238095238095238,
136,NCAAB,Towson,Hampton,2026-03-07 00:00:00+00:00,,Towson -6.5,0.523809523809524,2.7755575615628914e-16,1.1102230246251565e-16,⚪ No Kalshi,-110.0,0.5238095238095238,
137,NCAAB,UC Irvine,UC Davis,2026-03-07 00:00:00+00:00,,UC Irvine -8.5,0.523809523809524,2.7755575615628914e-16,1.1102230246251565e-16,⚪ No Kalshi,-110.0,0.5238095238095238,
138,NCAAB,UCSB,UC San Diego,2026-03-07 00:00:00+00:00,,UCSB -1.5,0.523809523809524,2.7755575615628914e-16,1.1102230246251565e-16,⚪ No Kalshi,-110.0,0.5238095238095238,
139,NCAAB,UMBC,New Hampshire,2026-03-07 00:00:00+00:00,,UMBC -12.5,0.523809523809524,2.7755575615628914e-16,1.1102230246251565e-16,⚪ No Kalshi,-110.0,0.5238095238095238,
140,NCAAB,UTEP,Jacksonville St.,2026-03-07 00:00:00+00:00,,UTEP -1.5,0.523809523809524,2.7755575615628914e-16,1.1102230246251565e-16,⚪ No Kalshi,-110.0,0.5238095238095238,
141,NCAAB,Utah St.,New Mexico,2026-03-07 00:00:00+00:00,,Utah St. -7.5,0.523809523809524,2.7755575615628914e-16,1.1102230246251565e-16,⚪ No Kalshi,-110.0,0.5238095238095238,
142,NCAAB,Utah Tech,Utah Valley,2026-03-07 00:00:00+00:00,,Utah Tech +7.5,0.523809523809524,2.7755575615628914e-16,1.1102230246251565e-16,⚪ No Kalshi,-110.0,0.5238095238095238,
143,NCAAB,Vermont,Bryant,2026-03-07 00:00:00+00:00,,Vermont -13.5,0.523809523809524,2.7755575615628914e-16,1.1102230246251565e-16,⚪ No Kalshi,-110.0,0.5238095238095238,
144,NCAAB,Villanova,Xavier,2026-03-07 00:00:00+00:00,,Villanova -11.5,0.523809523809524,2.7755575615628914e-16,1.1102230246251565e-16,⚪ No Kalshi,-110.0,0.5238095238095238,
145,NCAAB,Virginia,Virginia Tech,2026-03-07 00:00:00+00:00,,Virginia +11.5,0.523809523809524,2.7755575615628914e-16,1.1102230246251565e-16,⚪ No Kalshi,-110.0,0.5238095238095238,
146,NCAAB,Wake Forest,California,2026-03-07 00:00:00+00:00,,Wake Forest -5.5,0.523809523809524,2.7755575615628914e-16,1.1102230246251565e-16,⚪ No Kalshi,-110.0,0.5238095238095238,
147,NCAAB,Wichita St.,Florida Atlantic,2026-03-07 00:00:00+00:00,,Wichita St. -7.5,0.523809523809524,2.7755575615628914e-16,1.1102230246251565e-16,⚪ No Kalshi,-110.0,0.5238095238095238,
148,NCAAB,William & Mary,Elon University,2026-03-07 00:00:00+00:00,,William & Mary -4.5,0.523809523809524,2.7755575615628914e-16,1.1102230246251565e-16,⚪ No Kalshi,-110.0,0.5238095238095238,
149,NCAAB,Winthrop,Presbyterian,2026-03-07 00:00:00+00:00,,Winthrop -6.5,0.523809523809524,2.7755575615628914e-16,1.1102230246251565e-16,⚪ No Kalshi,-110.0,0.5238095238095238,
150,NCAAB,Wofford,UNC Greensboro,2026-03-07 00:00:00+00:00,,Wofford -5.5,0.523809523809524,2.7755575615628914e-16,1.1102230246251565e-16,⚪ No Kalshi,-110.0,0.5238095238095238,
151,NCAAB,Yale,Princeton,2026-03-07 00:00:00+00:00,,Yale -13.5,0.523809523809524,2.7755575615628914e-16,1.1102230246251565e-16,⚪ No Kalshi,-110.0,0.5238095238095238,
152,NCAAB,Connecticut,Marquette,2026-03-07 00:00:00+00:00,,Over 142.5,0.5232142856476192,-0.0011363637636360724,-0.0005952381619046543,⚪ No Kalshi,-110.0,0.5238095238095238,
153,NHL,Washington,Boston,2026-03-07 00:00:00+00:00,,Under 6.0,0.5232142856476192,-0.0011363637636360724,-0.0005952381619046543,⚪ No Kalshi,-110.0,0.5238095238095238,
154,NCAAB,Arkansas,Missouri,2026-03-07 00:00:00+00:00,,Over 162.5,0.5190476190476191,-0.009090909090908983,-0.004761904761904745,⚪ No Kalshi,-110.0,0.5238095238095238,
155,NCAAB,Butler,DePaul,2026-03-07 00:00:00+00:00,,Under 144.5,0.5190476190476191,-0.009090909090908983,-0.004761904761904745,⚪ No Kalshi,-110.0,0.5238095238095238,
156,NCAAB,Campbell,Stony Brook,2026-03-07 00:00:00+00:00,,Under 146.5,0.5190476190476191,-0.009090909090908983,-0.004761904761904745,⚪ No Kalshi,-110.0,0.5238095238095238,
157,NCAAB,Davidson,St Bonaventure,2026-03-07 00:00:00+00:00,,Over 141.5,0.5190476190476191,-0.009090909090908983,-0.004761904761904745,⚪ No Kalshi,-110.0,0.5238095238095238,
158,NCAAB,Georgia Tech,Clemson,2026-03-07 00:00:00+00:00,,Over 142.5,0.5190476190476191,-0.009090909090908983,-0.004761904761904745,⚪ No Kalshi,-110.0,0.5238095238095238,
159,NCAAB,Houston,Oklahoma State,2026-03-07 00:00:00+00:00,,Under 150.5,0.5190476190476191,-0.009090909090908983,-0.004761904761904745,⚪ No Kalshi,-110.0,0.5238095238095238,
160,NCAAB,Louisiana Tech,Delaware,2026-03-07 00:00:00+00:00,,Under 133.5,0.5190476190476191,-0.009090909090908983,-0.004761904761904745,⚪ No Kalshi,-110.0,0.5238095238095238,
161,NCAAB,Stonehill,Mercyhurst,2026-03-07 00:00:00+00:00,,Under 133.5,0.5190476190476191,-0.009090909090908983,-0.004761904761904745,⚪ No Kalshi,-110.0,0.5238095238095238,
162,NCAAB,UNC Asheville,High Point,2026-03-07 00:00:00+00:00,,Over 148.5,0.5190476190476191,-0.009090909090908983,-0.004761904761904745,⚪ No Kalshi,-110.0,0.5238095238095238,
163,NCAAB,Virginia Tech,Virginia,2026-03-07 00:00:00+00:00,,Over 144.5,0.5190476190476191,-0.009090909090908983,-0.004761904761904745,⚪ No Kalshi,-110.0,0.5238095238095238,
164,NCAAB,Xavier,Villanova,2026-03-07 00:00:00+00:00,,Under 151.5,0.5190476190476191,-0.009090909090908983,-0.004761904761904745,⚪ No Kalshi,-110.0,0.5238095238095238,
