theover_key,league,date_local,away_code,home_code,theover_pick,theover_market_type,theover_line,theover_model,theover_hit_rate,raw_text,away_team_raw,home_team_raw,pick_validation_status,pick_validation_warning
NBA|GSW|BOS|2026-02-19,NBA,2026-02-19,BOS,GSW,Under,TOTAL,217.5,TheOver,0.916666667,"{'LEAGUE': 'NBA', 'HOMETEAM': 'Boston', 'AWAYTEAM': 'Golden State', 'HOMEKALSHI': 'BOS', 'AWAYKALSHI': 'GSW', 'PICK': 'Under', 'PICKCODE': 'OU_UNDER', 'LINE': 217.5, 'WINPROBABILITY': 0.916666667, 'MARKET': 'Total', 'MATCHUP': 'Boston @ Golden State'}",Boston,Golden State,valid,
NBA|WAS|IND|2026-02-19,NBA,2026-02-19,IND,WAS,Over,TOTAL,234.5,TheOver,0.791666667,"{'LEAGUE': 'NBA', 'HOMETEAM': 'Indiana', 'AWAYTEAM': 'Washington', 'HOMEKALSHI': 'IND', 'AWAYKALSHI': 'WAS', 'PICK': 'Over', 'PICKCODE': 'OU_OVER', 'LINE': 234.5, 'WINPROBABILITY': 0.791666667, 'MARKET': 'Total', 'MATCHUP': 'Indiana @ Washington'}",Indiana Pacers,Washington Wizards,valid,
NBA|CLE|BKN|2026-02-19,NBA,2026-02-19,BKN,CLE,Over,TOTAL,230.5,TheOver,0.791666667,"{'LEAGUE': 'NBA', 'HOMETEAM': 'Brooklyn', 'AWAYTEAM': 'Cleveland', 'HOMEKALSHI': 'BKN', 'AWAYKALSHI': 'CLE', 'PICK': 'Over', 'PICKCODE': 'OU_OVER', 'LINE': 230.5, 'WINPROBABILITY': 0.791666667, 'MARKET': 'Total', 'MATCHUP': 'Brooklyn @ Cleveland'}",Brooklyn Nets,Cleveland Cavaliers,valid,
NBA|CHA|HOU|2026-02-19,NBA,2026-02-19,HOU,CHA,Over,TOTAL,216.5,TheOver,0.791666667,"{'LEAGUE': 'NBA', 'HOMETEAM': 'Houston', 'AWAYTEAM': 'Charlotte', 'HOMEKALSHI': 'HOU', 'AWAYKALSHI': 'CHA', 'PICK': 'Over', 'PICKCODE': 'OU_OVER', 'LINE': 216.5, 'WINPROBABILITY': 0.791666667, 'MARKET': 'Total', 'MATCHUP': 'Houston @ Charlotte'}",Houston Rockets,Charlotte Hornets,valid,
NBA|SAC|ORL|2026-02-19,NBA,2026-02-19,ORL,SAC,Over,TOTAL,225.5,TheOver,0.916666667,"{'LEAGUE': 'NBA', 'HOMETEAM': 'Orlando', 'AWAYTEAM': 'Sacramento', 'HOMEKALSHI': 'ORL', 'AWAYKALSHI': 'SAC', 'PICK': 'Over', 'PICKCODE': 'OU_OVER', 'LINE': 225.5, 'WINPROBABILITY': 0.916666667, 'MARKET': 'Total', 'MATCHUP': 'Orlando @ Sacramento'}",Orlando Magic,Sacramento Kings,valid,
NBA|CHI|TOR|2026-02-19,NBA,2026-02-19,TOR,CHI,Over,TOTAL,233.5,TheOver,0.833333333,"{'LEAGUE': 'NBA', 'HOMETEAM': 'Toronto', 'AWAYTEAM': 'Chicago', 'HOMEKALSHI': 'TOR', 'AWAYKALSHI': 'CHI', 'PICK': 'Over', 'PICKCODE': 'OU_OVER', 'LINE': 233.5, 'WINPROBABILITY': 0.833333333, 'MARKET': 'Total', 'MATCHUP': 'Toronto @ Chicago'}",Toronto,Chicago Bulls,valid,
NBA|SAS|PHX|2026-02-19,NBA,2026-02-19,PHX,SAS,Over,TOTAL,228.5,TheOver,0.854166667,"{'LEAGUE': 'NBA', 'HOMETEAM': 'Phoenix', 'AWAYTEAM': 'San Antonio', 'HOMEKALSHI': 'PHX', 'AWAYKALSHI': 'SAS', 'PICK': 'Over', 'PICKCODE': 'OU_OVER', 'LINE': 228.5, 'WINPROBABILITY': 0.854166667, 'MARKET': 'Total', 'MATCHUP': 'Phoenix @ San Antonio'}",Phoenix Suns,San Antonio Spurs,valid,
NBA|NYK|DET|2026-02-19,NBA,2026-02-19,DET,NYK,Over,TOTAL,222.5,TheOver,0.8125,"{'LEAGUE': 'NBA', 'HOMETEAM': 'Detroit', 'AWAYTEAM': 'New York', 'HOMEKALSHI': 'DET', 'AWAYKALSHI': 'NYK', 'PICK': 'Over', 'PICKCODE': 'OU_OVER', 'LINE': 222.5, 'WINPROBABILITY': 0.8125, 'MARKET': 'Total', 'MATCHUP': 'Detroit @ New York'}",Detroit Pistons,New York Knicks,valid,
NBA|PHI|ATL|2026-02-19,NBA,2026-02-19,ATL,PHI,Under,TOTAL,237.5,TheOver,0.791666667,"{'LEAGUE': 'NBA', 'HOMETEAM': 'Atlanta', 'AWAYTEAM': 'Philadelphia', 'HOMEKALSHI': 'ATL', 'AWAYKALSHI': 'PHI', 'PICK': 'Under', 'PICKCODE': 'OU_UNDER', 'LINE': 237.5, 'WINPROBABILITY': 0.791666667, 'MARKET': 'Total', 'MATCHUP': 'Atlanta @ Philadelphia'}",Atlanta Hawks,Philadelphia 76ers,valid,
NBA|LAC|DEN|2026-02-19,NBA,2026-02-19,DEN,LAC,Over,TOTAL,225.5,TheOver,0.9375,"{'LEAGUE': 'NBA', 'HOMETEAM': 'Denver', 'AWAYTEAM': 'L.A. Clippers', 'HOMEKALSHI': 'DEN', 'AWAYKALSHI': 'LAC', 'PICK': 'Over', 'PICKCODE': 'OU_OVER', 'LINE': 225.5, 'WINPROBABILITY': 0.9375, 'MARKET': 'Total', 'MATCHUP': 'Denver @ L.A. Clippers'}",Denver Nuggets,L.A. Clippers,valid,
NCAAB|USF|MEM|2026-02-19,NCAAB,2026-02-19,MEM,USF,Over,TOTAL,155.5,TheOver,0.791666667,"{'LEAGUE': 'NCAAB', 'HOMETEAM': 'Memphis', 'AWAYTEAM': 'South Florida', 'HOMEKALSHI': 'MEMPHIS', 'AWAYKALSHI': 'SOUTH FLORIDA', 'PICK': 'Over', 'PICKCODE': 'OU_OVER', 'LINE': 155.5, 'WINPROBABILITY': 0.791666667, 'MARKET': 'Total', 'MATCHUP': 'Memphis @ South Florida'}",Memphis Tigers,South Florida,valid,
NCAAB|UNT|TULN|2026-02-19,NCAAB,2026-02-19,TULN,UNT,Over,TOTAL,132.5,TheOver,0.875,"{'LEAGUE': 'NCAAB', 'HOMETEAM': 'Tulane', 'AWAYTEAM': 'North Texas', 'HOMEKALSHI': 'TULANE', 'AWAYKALSHI': 'NORTH TEXAS', 'PICK': 'Over', 'PICKCODE': 'OU_OVER', 'LINE': 132.5, 'WINPROBABILITY': 0.875, 'MARKET': 'Total', 'MATCHUP': 'Tulane @ North Texas'}",Tulane Green Wave,North Texas,valid,
NCAAB|UCSB|CSUN|2026-02-19,NCAAB,2026-02-19,CSUN,UCSB,Under,TOTAL,160.5,TheOver,0.875,"{'LEAGUE': 'NCAAB', 'HOMETEAM': 'CSU Northridge', 'AWAYTEAM': 'UC Santa Barbara', 'HOMEKALSHI': 'CSU NORTHRIDGE', 'AWAYKALSHI': 'UC SANTA BARBARA', 'PICK': 'Under', 'PICKCODE': 'OU_UNDER', 'LINE': 160.5, 'WINPROBABILITY': 0.875, 'MARKET': 'Total', 'MATCHUP': 'CSU Northridge @ UC Santa Barbara'}",CSU Northridge,UC Santa Barbara,valid,
NCAAB|ULL|ARK|2026-02-19,NCAAB,2026-02-19,ARK,ULL,Under,TOTAL,146.5,TheOver,0.833333333,"{'LEAGUE': 'NCAAB', 'HOMETEAM': 'Arkansas St.', 'AWAYTEAM': 'UL Lafayette', 'HOMEKALSHI': 'ARKANSAS ST', 'AWAYKALSHI': 'UL LAFAYETTE', 'PICK': 'Under', 'PICKCODE': 'OU_UNDER', 'LINE': 146.5, 'WINPROBABILITY': 0.833333333, 'MARKET': 'Total', 'MATCHUP': 'Arkansas St. @ UL Lafayette'}",Arkansas St.,UL Lafayette,valid,
NCAAB|UTA|UTT|2026-02-19,NCAAB,2026-02-19,UTT,UTA,Under,TOTAL,141.5,TheOver,0.833333333,"{'LEAGUE': 'NCAAB', 'HOMETEAM': 'Utah Tech', 'AWAYTEAM': 'Texas-Arlington', 'HOMEKALSHI': 'UTAH TECH', 'AWAYKALSHI': 'TEXAS-ARLINGTON', 'PICK': 'Under', 'PICKCODE': 'OU_UNDER', 'LINE': 141.5, 'WINPROBABILITY': 0.833333333, 'MARKET': 'Total', 'MATCHUP': 'Utah Tech @ Texas-Arlington'}",Utah Tech,Texas-Arlington,valid,
NCAAB|UNCW|MON|2026-02-19,NCAAB,2026-02-19,MON,UNCW,Under,TOTAL,142.5,TheOver,0.791666667,"{'LEAGUE': 'NCAAB', 'HOMETEAM': 'Monmouth-NJ', 'AWAYTEAM': 'UNC Wilmington', 'HOMEKALSHI': 'MONMOUTH-NJ', 'AWAYKALSHI': 'UNC WILMINGTON', 'PICK': 'Under', 'PICKCODE': 'OU_UNDER', 'LINE': 142.5, 'WINPROBABILITY': 0.791666667, 'MARKET': 'Total', 'MATCHUP': 'Monmouth-NJ @ UNC Wilmington'}",Monmouth-NJ,UNC Wilmington,valid,
NCAAB|FDU|CHST|2026-02-19,NCAAB,2026-02-19,CHST,FDU,Over,TOTAL,134.5,TheOver,0.791666667,"{'LEAGUE': 'NCAAB', 'HOMETEAM': 'FDU', 'AWAYTEAM': 'Chicago St.', 'HOMEKALSHI': 'FDU', 'AWAYKALSHI': 'CHICAGO ST', 'PICK': 'Over', 'PICKCODE': 'OU_OVER', 'LINE': 134.5, 'WINPROBABILITY': 0.791666667, 'MARKET': 'Total', 'MATCHUP': 'FDU @ Chicago St.'}",Chicago St.,FDU,valid,
NCAAB|CIT|SAM|2026-02-19,NCAAB,2026-02-19,SAM,CIT,Over,TOTAL,140.5,TheOver,0.791666667,"{'LEAGUE': 'NCAAB', 'HOMETEAM': 'Samford', 'AWAYTEAM': 'The Citadel', 'HOMEKALSHI': 'SAMFORD', 'AWAYKALSHI': 'THE CITADEL', 'PICK': 'Over', 'PICKCODE': 'OU_OVER', 'LINE': 140.5, 'WINPROBABILITY': 0.791666667, 'MARKET': 'Total', 'MATCHUP': 'Samford @ The Citadel'}",Samford,The Citadel,valid,
NCAAB|WEB|MTST|2026-02-19,NCAAB,2026-02-19,MTST,WEB,Under,TOTAL,150.5,TheOver,0.875,"{'LEAGUE': 'NCAAB', 'HOMETEAM': 'Montana St.', 'AWAYTEAM': 'Weber St.', 'HOMEKALSHI': 'MONTANA ST', 'AWAYKALSHI': 'WEBER ST', 'PICK': 'Under', 'PICKCODE': 'OU_UNDER', 'LINE': 150.5, 'WINPROBABILITY': 0.875, 'MARKET': 'Total', 'MATCHUP': 'Montana St. @ Weber St.'}",Montana St.,Weber St.,valid,
NCAAB|SIUE|TNTH|2026-02-19,NCAAB,2026-02-19,TNTH,SIUE,Under,TOTAL,136.5,TheOver,0.854166667,"{'LEAGUE': 'NCAAB', 'HOMETEAM': 'SIU Edwardsville', 'AWAYTEAM': 'Tennessee Tech', 'HOMEKALSHI': 'SIU EDWARDSVILLE', 'AWAYKALSHI': 'TENNESSEE TECH', 'PICK': 'Under', 'PICKCODE': 'OU_UNDER', 'LINE': 136.5, 'WINPROBABILITY': 0.854166667, 'MARKET': 'Total', 'MATCHUP': 'SIU Edwardsville @ Tennessee Tech'}",Tennessee Tech,SIU Edwardsville,valid,
NCAAB|WIU|IND|2026-02-19,NCAAB,2026-02-19,IND,WIU,Under,TOTAL,139.5,TheOver,0.854166667,"{'LEAGUE': 'NCAAB', 'HOMETEAM': 'Southern Indiana', 'AWAYTEAM': 'Western Illinois', 'HOMEKALSHI': 'SOUTHERN INDIANA', 'AWAYKALSHI': 'WESTERN ILLINOIS', 'PICK': 'Under', 'PICKCODE': 'OU_UNDER', 'LINE': 139.5, 'WINPROBABILITY': 0.854166667, 'MARKET': 'Total', 'MATCHUP': 'Southern Indiana @ Western Illinois'}",Southern Indiana,Western Illinois Leathernecks,valid,
NCAAB|NEU|DRE|2026-02-19,NCAAB,2026-02-19,DRE,NEU,Under,TOTAL,144.5,TheOver,0.791666667,"{'LEAGUE': 'NCAAB', 'HOMETEAM': 'Drexel', 'AWAYTEAM': 'Northeastern', 'HOMEKALSHI': 'DREXEL', 'AWAYKALSHI': 'NORTHEASTERN', 'PICK': 'Under', 'PICKCODE': 'OU_UNDER', 'LINE': 144.5, 'WINPROBABILITY': 0.791666667, 'MARKET': 'Total', 'MATCHUP': 'Drexel @ Northeastern'}",Drexel,Northeastern,valid,
NCAAB|APP|MARS|2026-02-19,NCAAB,2026-02-19,MARS,APP,Over,TOTAL,143.5,TheOver,0.770833333,"{'LEAGUE': 'NCAAB', 'HOMETEAM': 'Marshall', 'AWAYTEAM': 'Appalachian St.', 'HOMEKALSHI': 'MARSHALL', 'AWAYKALSHI': 'APPALACHIAN ST', 'PICK': 'Over', 'PICKCODE': 'OU_OVER', 'LINE': 143.5, 'WINPROBABILITY': 0.770833333, 'MARKET': 'Total', 'MATCHUP': 'Marshall @ Appalachian St.'}",Marshall,Appalachian St.,valid,
NCAAB|CSF|UCD|2026-02-19,NCAAB,2026-02-19,UCD,CSF,Over,TOTAL,155.5,TheOver,0.916666667,"{'LEAGUE': 'NCAAB', 'HOMETEAM': 'UC Davis', 'AWAYTEAM': 'CSU Fullerton', 'HOMEKALSHI': 'UC DAVIS', 'AWAYKALSHI': 'CSU FULLERTON', 'PICK': 'Over', 'PICKCODE': 'OU_OVER', 'LINE': 155.5, 'WINPROBABILITY': 0.916666667, 'MARKET': 'Total', 'MATCHUP': 'UC Davis @ CSU Fullerton'}",UC Davis,CSU Fullerton,valid,
NCAAB|TAR|SUU|2026-02-19,NCAAB,2026-02-19,SUU,TAR,Under,TOTAL,143.5,TheOver,0.833333333,"{'LEAGUE': 'NCAAB', 'HOMETEAM': 'Southern Utah', 'AWAYTEAM': 'Tarleton State', 'HOMEKALSHI': 'SOUTHERN UTAH', 'AWAYKALSHI': 'TARLETON STATE', 'PICK': 'Under', 'PICKCODE': 'OU_UNDER', 'LINE': 143.5, 'WINPROBABILITY': 0.833333333, 'MARKET': 'Total', 'MATCHUP': 'Southern Utah @ Tarleton State'}",Southern Utah,Tarleton State,valid,
NCAAB|DEN|SOU|2026-02-19,NCAAB,2026-02-19,SOU,DEN,Under,TOTAL,161.5,TheOver,0.875,"{'LEAGUE': 'NCAAB', 'HOMETEAM': 'South Dakota', 'AWAYTEAM': 'Denver', 'HOMEKALSHI': 'SOUTH DAKOTA', 'AWAYKALSHI': 'DENVER', 'PICK': 'Under', 'PICKCODE': 'OU_UNDER', 'LINE': 161.5, 'WINPROBABILITY': 0.875, 'MARKET': 'Total', 'MATCHUP': 'South Dakota @ Denver'}",South Dakota,Denver,valid,
NCAAB|WIN|USCU|2026-02-19,NCAAB,2026-02-19,USCU,WIN,Over,TOTAL,154.5,TheOver,0.770833333,"{'LEAGUE': 'NCAAB', 'HOMETEAM': 'USC Upstate', 'AWAYTEAM': 'Winthrop', 'HOMEKALSHI': 'USC UPSTATE', 'AWAYKALSHI': 'WINTHROP', 'PICK': 'Over', 'PICKCODE': 'OU_OVER', 'LINE': 154.5, 'WINPROBABILITY': 0.770833333, 'MARKET': 'Total', 'MATCHUP': 'USC Upstate @ Winthrop'}",USC Upstate,Winthrop,valid,
NCAAB|IUIN|WRI|2026-02-19,NCAAB,2026-02-19,WRI,IUIN,Under,TOTAL,161.5,TheOver,0.791666667,"{'LEAGUE': 'NCAAB', 'HOMETEAM': 'IUPUI', 'AWAYTEAM': 'Wright St.', 'HOMEKALSHI': 'IUPUI', 'AWAYKALSHI': 'WRIGHT ST', 'PICK': 'Under', 'PICKCODE': 'OU_UNDER', 'LINE': 161.5, 'WINPROBABILITY': 0.791666667, 'MARKET': 'Total', 'MATCHUP': 'IUPUI @ Wright St.'}",Wright St.,IU Indianapolis,valid,
NCAAB|UNCA|HPU|2026-02-19,NCAAB,2026-02-19,HPU,UNCA,Over,TOTAL,151.5,TheOver,0.791666667,"{'LEAGUE': 'NCAAB', 'HOMETEAM': 'UNC Asheville', 'AWAYTEAM': 'High Point', 'HOMEKALSHI': 'UNC ASHEVILLE', 'AWAYKALSHI': 'HIGH POINT', 'PICK': 'Over', 'PICKCODE': 'OU_OVER', 'LINE': 151.5, 'WINPROBABILITY': 0.791666667, 'MARKET': 'Total', 'MATCHUP': 'UNC Asheville @ High Point'}",High Point,UNC Asheville,valid,
NCAAB|UALR|TEN|2026-02-19,NCAAB,2026-02-19,TEN,UALR,Under,TOTAL,135.5,TheOver,0.833333333,"{'LEAGUE': 'NCAAB', 'HOMETEAM': 'Tenn-Martin', 'AWAYTEAM': 'Little Rock', 'HOMEKALSHI': 'TENN-MARTIN', 'AWAYKALSHI': 'LITTLE ROCK', 'PICK': 'Under', 'PICKCODE': 'OU_UNDER', 'LINE': 135.5, 'WINPROBABILITY': 0.833333333, 'MARKET': 'Total', 'MATCHUP': 'Tenn-Martin @ Little Rock'}",Tenn-Martin,Little Rock,valid,
NCAAB|NEW|UMLO|2026-02-19,NCAAB,2026-02-19,UMLO,NEW,Over,TOTAL,148.5,TheOver,0.75,"{'LEAGUE': 'NCAAB', 'HOMETEAM': 'New Hampshire', 'AWAYTEAM': 'UMass Lowell', 'HOMEKALSHI': 'NEW HAMPSHIRE', 'AWAYKALSHI': 'UMASS LOWELL', 'PICK': 'Over', 'PICKCODE': 'OU_OVER', 'LINE': 148.5, 'WINPROBABILITY': 0.75, 'MARKET': 'Total', 'MATCHUP': 'New Hampshire @ UMass Lowell'}",UMass Lowell,New Hampshire,valid,
NCAAB|HOF|HAMP|2026-02-19,NCAAB,2026-02-19,HAMP,HOF,Under,TOTAL,134.5,TheOver,0.833333333,"{'LEAGUE': 'NCAAB', 'HOMETEAM': 'Hampton', 'AWAYTEAM': 'Hofstra', 'HOMEKALSHI': 'HAMPTON', 'AWAYKALSHI': 'HOFSTRA', 'PICK': 'Under', 'PICKCODE': 'OU_UNDER', 'LINE': 134.5, 'WINPROBABILITY': 0.833333333, 'MARKET': 'Total', 'MATCHUP': 'Hampton @ Hofstra'}",Hampton,Hofstra,valid,
NCAAB|UMBC|VER|2026-02-19,NCAAB,2026-02-19,VER,UMBC,Over,TOTAL,140.5,TheOver,0.75,"{'LEAGUE': 'NCAAB', 'HOMETEAM': 'Vermont', 'AWAYTEAM': 'UMBC', 'HOMEKALSHI': 'VERMONT', 'AWAYKALSHI': 'UMBC', 'PICK': 'Over', 'PICKCODE': 'OU_OVER', 'LINE': 140.5, 'WINPROBABILITY': 0.75, 'MARKET': 'Total', 'MATCHUP': 'Vermont @ UMBC'}",Vermont,UMBC Retrievers,valid,
NCAAB|LBSU|UCI|2026-02-19,NCAAB,2026-02-19,UCI,LBSU,Over,TOTAL,144.5,TheOver,0.916666667,"{'LEAGUE': 'NCAAB', 'HOMETEAM': 'UC Irvine', 'AWAYTEAM': 'Long Beach St.', 'HOMEKALSHI': 'UC IRVINE', 'AWAYKALSHI': 'LONG BEACH ST', 'PICK': 'Over', 'PICKCODE': 'OU_OVER', 'LINE': 144.5, 'WINPROBABILITY': 0.916666667, 'MARKET': 'Total', 'MATCHUP': 'UC Irvine @ Long Beach St.'}",UC Irvine,Long Beach St.,valid,
NCAAB|UVU|CBU|2026-02-19,NCAAB,2026-02-19,CBU,UVU,Under,TOTAL,141.5,TheOver,0.833333333,"{'LEAGUE': 'NCAAB', 'HOMETEAM': 'CA Baptist', 'AWAYTEAM': 'Utah Valley', 'HOMEKALSHI': 'CA BAPTIST', 'AWAYKALSHI': 'UTAH VALLEY', 'PICK': 'Under', 'PICKCODE': 'OU_UNDER', 'LINE': 141.5, 'WINPROBABILITY': 0.833333333, 'MARKET': 'Total', 'MATCHUP': 'CA Baptist @ Utah Valley'}",CA Baptist,Utah Valley,valid,
NCAAB|PRE|GW|2026-02-19,NCAAB,2026-02-19,GW,PRE,Over,TOTAL,139.5,TheOver,0.791666667,"{'LEAGUE': 'NCAAB', 'HOMETEAM': 'Longwood', 'AWAYTEAM': 'Presbyterian', 'HOMEKALSHI': 'LONGWOOD', 'AWAYKALSHI': 'PRESBYTERIAN', 'PICK': 'Over', 'PICKCODE': 'OU_OVER', 'LINE': 139.5, 'WINPROBABILITY': 0.791666667, 'MARKET': 'Total', 'MATCHUP': 'Longwood @ Presbyterian'}",Longwood,Presbyterian,valid,
NCAAB|MERC|WAG|2026-02-19,NCAAB,2026-02-19,WAG,MERC,Over,TOTAL,132.5,TheOver,0.791666667,"{'LEAGUE': 'NCAAB', 'HOMETEAM': 'Wagner', 'AWAYTEAM': 'Mercyhurst', 'HOMEKALSHI': 'WAGNER', 'AWAYKALSHI': 'MERCYHURST', 'PICK': 'Over', 'PICKCODE': 'OU_OVER', 'LINE': 132.5, 'WINPROBABILITY': 0.791666667, 'MARKET': 'Total', 'MATCHUP': 'Wagner @ Mercyhurst'}",Wagner,Mercyhurst,valid,
NCAAB|SOAL|TEX|2026-02-19,NCAAB,2026-02-19,TEX,SOAL,Over,TOTAL,137.5,TheOver,0.833333333,"{'LEAGUE': 'NCAAB', 'HOMETEAM': 'Texas State', 'AWAYTEAM': 'South Alabama', 'HOMEKALSHI': 'TEXAS STATE', 'AWAYKALSHI': 'SOUTH ALABAMA', 'PICK': 'Over', 'PICKCODE': 'OU_OVER', 'LINE': 137.5, 'WINPROBABILITY': 0.833333333, 'MARKET': 'Total', 'MATCHUP': 'Texas State @ South Alabama'}",Texas State,South Alabama,valid,
NCAAB|LIB|FLA|2026-02-19,NCAAB,2026-02-19,FLA,LIB,Over,TOTAL,151.5,TheOver,0.75,"{'LEAGUE': 'NCAAB', 'HOMETEAM': 'FIU Panthers', 'AWAYTEAM': 'Liberty', 'HOMEKALSHI': 'FIU PANTHERS', 'AWAYKALSHI': 'LIBERTY', 'PICK': 'Over', 'PICKCODE': 'OU_OVER', 'LINE': 151.5, 'WINPROBABILITY': 0.75, 'MARKET': 'Total', 'MATCHUP': 'FIU Panthers @ Liberty'}",FIU Panthers,Liberty,valid,
NCAAB|RAD|GW|2026-02-19,NCAAB,2026-02-19,GW,RAD,Over,TOTAL,161.5,TheOver,0.791666667,"{'LEAGUE': 'NCAAB', 'HOMETEAM': 'Gardner-Webb', 'AWAYTEAM': 'Radford', 'HOMEKALSHI': 'GARDNER-WEBB', 'AWAYKALSHI': 'RADFORD', 'PICK': 'Over', 'PICKCODE': 'OU_OVER', 'LINE': 161.5, 'WINPROBABILITY': 0.791666667, 'MARKET': 'Total', 'MATCHUP': 'Gardner-Webb @ Radford'}",Gardner-Webb,Radford,valid,
NCAAB|EIU|MORE|2026-02-19,NCAAB,2026-02-19,MORE,EIU,Over,TOTAL,137.5,TheOver,0.833333333,"{'LEAGUE': 'NCAAB', 'HOMETEAM': 'Morehead St.', 'AWAYTEAM': 'Eastern Illinois', 'HOMEKALSHI': 'MOREHEAD ST', 'AWAYKALSHI': 'EASTERN ILLINOIS', 'PICK': 'Over', 'PICKCODE': 'OU_OVER', 'LINE': 137.5, 'WINPROBABILITY': 0.833333333, 'MARKET': 'Total', 'MATCHUP': 'Morehead St. @ Eastern Illinois'}",Morehead St.,Eastern Illinois Panthers,valid,
NCAAB|FAMU|AAMU|2026-02-19,NCAAB,2026-02-19,AAMU,FAMU,Under,TOTAL,138.5,TheOver,0.854166667,"{'LEAGUE': 'NCAAB', 'HOMETEAM': 'Alabama A&M', 'AWAYTEAM': 'Florida A&M', 'HOMEKALSHI': 'ALABAMA A&M', 'AWAYKALSHI': 'FLORIDA A&M', 'PICK': 'Under', 'PICKCODE': 'OU_UNDER', 'LINE': 138.5, 'WINPROBABILITY': 0.854166667, 'MARKET': 'Total', 'MATCHUP': 'Alabama A&M @ Florida A&M'}",Alabama A&M,Florida A&M,valid,
NCAAB|MVSU|PVAM|2026-02-19,NCAAB,2026-02-19,PVAM,MVSU,Over,TOTAL,153.5,TheOver,0.854166667,"{'LEAGUE': 'NCAAB', 'HOMETEAM': 'Prairie View A&M', 'AWAYTEAM': 'Miss Valley St', 'HOMEKALSHI': 'PRAIRIE VIEW A&M', 'AWAYKALSHI': 'MISS VALLEY ST', 'PICK': 'Over', 'PICKCODE': 'OU_OVER', 'LINE': 153.5, 'WINPROBABILITY': 0.854166667, 'MARKET': 'Total', 'MATCHUP': 'Prairie View A&M @ Miss Valley St'}",Prairie View A&M,Miss Valley St,valid,
NCAAB|BCU|ALST|2026-02-19,NCAAB,2026-02-19,ALST,BCU,Under,TOTAL,144.5,TheOver,0.791666667,"{'LEAGUE': 'NCAAB', 'HOMETEAM': 'Alabama St.', 'AWAYTEAM': 'Bethune-Cookman', 'HOMEKALSHI': 'ALABAMA ST', 'AWAYKALSHI': 'BETHUNE-COOKMAN', 'PICK': 'Under', 'PICKCODE': 'OU_UNDER', 'LINE': 144.5, 'WINPROBABILITY': 0.791666667, 'MARKET': 'Total', 'MATCHUP': 'Alabama St. @ Bethune-Cookman'}",Alabama St.,Bethune-Cookman,valid,
NCAAB|NEWH|STON|2026-02-19,NCAAB,2026-02-19,STON,NEWH,Under,TOTAL,120.5,TheOver,0.791666667,"{'LEAGUE': 'NCAAB', 'HOMETEAM': 'Stonehill', 'AWAYTEAM': 'New Haven', 'HOMEKALSHI': 'STONEHILL', 'AWAYKALSHI': 'NEW HAVEN', 'PICK': 'Under', 'PICKCODE': 'OU_UNDER', 'LINE': 120.5, 'WINPROBABILITY': 0.791666667, 'MARKET': 'Total', 'MATCHUP': 'Stonehill @ New Haven'}",Stonehill,New Haven,valid,
NCAAB|SFP|LIU|2026-02-19,NCAAB,2026-02-19,LIU,SFP,Over,TOTAL,147.5,TheOver,0.791666667,"{'LEAGUE': 'NCAAB', 'HOMETEAM': 'LIU', 'AWAYTEAM': 'St. Francis (PA)', 'HOMEKALSHI': 'LIU', 'AWAYKALSHI': 'ST FRANCIS (PA)', 'PICK': 'Over', 'PICKCODE': 'OU_OVER', 'LINE': 147.5, 'WINPROBABILITY': 0.791666667, 'MARKET': 'Total', 'MATCHUP': 'LIU @ St. Francis (PA)'}",LIU Sharks,St. Francis (PA),valid,
NCAAB|CAMP|WIL|2026-02-19,NCAAB,2026-02-19,WIL,CAMP,Over,TOTAL,168.5,TheOver,0.791666667,"{'LEAGUE': 'NCAAB', 'HOMETEAM': 'William & Mary', 'AWAYTEAM': 'Campbell', 'HOMEKALSHI': 'WILLIAM & MARY', 'AWAYKALSHI': 'CAMPBELL', 'PICK': 'Over', 'PICKCODE': 'OU_OVER', 'LINE': 168.5, 'WINPROBABILITY': 0.791666667, 'MARKET': 'Total', 'MATCHUP': 'William & Mary @ Campbell'}",William & Mary,Campbell,valid,
NCAAB|UGA|UGA|2026-02-19,NCAAB,2026-02-19,UGA,UGA,Over,TOTAL,153.5,TheOver,0.854166667,"{'LEAGUE': 'NCAAB', 'HOMETEAM': 'Georgia Southern', 'AWAYTEAM': 'Georgia St.', 'HOMEKALSHI': 'GEORGIA SOUTHERN', 'AWAYKALSHI': 'GEORGIA ST', 'PICK': 'Over', 'PICKCODE': 'OU_OVER', 'LINE': 153.5, 'WINPROBABILITY': 0.854166667, 'MARKET': 'Total', 'MATCHUP': 'Georgia Southern @ Georgia St.'}",Georgia Southern,Georgia St.,valid,
NCAAB|TNST|LIND|2026-02-19,NCAAB,2026-02-19,LIND,TNST,Under,TOTAL,162.5,TheOver,0.854166667,"{'LEAGUE': 'NCAAB', 'HOMETEAM': 'Lindenwood', 'AWAYTEAM': 'Tennessee St.', 'HOMEKALSHI': 'LINDENWOOD', 'AWAYKALSHI': 'TENNESSEE ST', 'PICK': 'Under', 'PICKCODE': 'OU_UNDER', 'LINE': 162.5, 'WINPROBABILITY': 0.854166667, 'MARKET': 'Total', 'MATCHUP': 'Lindenwood @ Tennessee St.'}",Lindenwood,Tennessee St.,valid,
NCAAB|UNF|AUS|2026-02-19,NCAAB,2026-02-19,AUS,UNF,Over,TOTAL,163.5,TheOver,0.791666667,"{'LEAGUE': 'NCAAB', 'HOMETEAM': 'Austin Peay', 'AWAYTEAM': 'North Florida', 'HOMEKALSHI': 'AUSTIN PEAY', 'AWAYKALSHI': 'NORTH FLORIDA', 'PICK': 'Over', 'PICKCODE': 'OU_OVER', 'LINE': 163.5, 'WINPROBABILITY': 0.791666667, 'MARKET': 'Total', 'MATCHUP': 'Austin Peay @ North Florida'}",Austin Peay,North Florida,valid,
NCAAB|STET|CARK|2026-02-19,NCAAB,2026-02-19,CARK,STET,Under,TOTAL,148.5,TheOver,0.833333333,"{'LEAGUE': 'NCAAB', 'HOMETEAM': 'Central Arkansas', 'AWAYTEAM': 'Stetson', 'HOMEKALSHI': 'CENTRAL ARKANSAS', 'AWAYKALSHI': 'STETSON', 'PICK': 'Under', 'PICKCODE': 'OU_UNDER', 'LINE': 148.5, 'WINPROBABILITY': 0.833333333, 'MARKET': 'Total', 'MATCHUP': 'Central Arkansas @ Stetson'}",Central Arkansas,Stetson,valid,
NCAAB|PSU|IDA|2026-02-19,NCAAB,2026-02-19,IDA,PSU,Under,TOTAL,142.5,TheOver,0.875,"{'LEAGUE': 'NCAAB', 'HOMETEAM': 'Idaho', 'AWAYTEAM': 'Portland St.', 'HOMEKALSHI': 'IDAHO', 'AWAYKALSHI': 'PORTLAND ST', 'PICK': 'Under', 'PICKCODE': 'OU_UNDER', 'LINE': 142.5, 'WINPROBABILITY': 0.875, 'MARKET': 'Total', 'MATCHUP': 'Idaho @ Portland St.'}",Idaho,Portland St.,valid,
NCAAB|CON|LEM|2026-02-19,NCAAB,2026-02-19,LEM,CON,Under,TOTAL,146.5,TheOver,0.791666667,"{'LEAGUE': 'NCAAB', 'HOMETEAM': 'Le Moyne', 'AWAYTEAM': 'Central CT', 'HOMEKALSHI': 'LE MOYNE', 'AWAYKALSHI': 'CENTRAL CT', 'PICK': 'Under', 'PICKCODE': 'OU_UNDER', 'LINE': 146.5, 'WINPROBABILITY': 0.791666667, 'MARKET': 'Total', 'MATCHUP': 'Le Moyne @ Central CT'}",Le Moyne,Central CT,valid,
NCAAB|NJIT|ALB|2026-02-19,NCAAB,2026-02-19,ALB,NJIT,Under,TOTAL,143.5,TheOver,0.791666667,"{'LEAGUE': 'NCAAB', 'HOMETEAM': 'Albany', 'AWAYTEAM': 'NJIT', 'HOMEKALSHI': 'ALBANY', 'AWAYKALSHI': 'NJIT', 'PICK': 'Under', 'PICKCODE': 'OU_UNDER', 'LINE': 143.5, 'WINPROBABILITY': 0.791666667, 'MARKET': 'Total', 'MATCHUP': 'Albany @ NJIT'}",Albany,NJIT,valid,
NBA|CHA|HOU|2026-02-19,NBA,2026-02-19,HOU,CHA,HOU,SIDE,-3.5,TheOver,0.605,"{'LEAGUE': 'NBA', 'HOMETEAM': 'Charlotte', 'AWAYTEAM': 'Houston', 'PICK': 'HOU', 'LINE': -3.5, 'WINPROBABILITY': nan, 'MARKET': 'Spread', 'PICKTEAM': 'Houston'}",Houston Rockets,Charlotte Hornets,valid,
NBA|CHI|TOR|2026-02-19,NBA,2026-02-19,TOR,CHI,CHI,SIDE,5.5,TheOver,0.515,"{'LEAGUE': 'NBA', 'HOMETEAM': 'Chicago', 'AWAYTEAM': 'Toronto', 'PICK': 'CHI', 'LINE': 5.5, 'WINPROBABILITY': nan, 'MARKET': 'Spread', 'PICKTEAM': 'Chicago'}",Toronto,Chicago Bulls,valid,
NBA|CLE|BKN|2026-02-19,NBA,2026-02-19,BKN,CLE,CLE,SIDE,-15.5,TheOver,0.7250000000000001,"{'LEAGUE': 'NBA', 'HOMETEAM': 'Cleveland', 'AWAYTEAM': 'Brooklyn', 'PICK': 'CLE', 'LINE': -15.5, 'WINPROBABILITY': nan, 'MARKET': 'Spread', 'PICKTEAM': 'Cleveland'}",Brooklyn Nets,Cleveland Cavaliers,valid,
NBA|GSW|BOS|2026-02-19,NBA,2026-02-19,BOS,GSW,BOS,SIDE,-2.5,TheOver,0.595,"{'LEAGUE': 'NBA', 'HOMETEAM': 'Golden State', 'AWAYTEAM': 'Boston', 'PICK': 'BOS', 'LINE': -2.5, 'WINPROBABILITY': nan, 'MARKET': 'Spread', 'PICKTEAM': 'Boston'}",Boston,Golden State,valid,
NBA|LAC|DEN|2026-02-19,NBA,2026-02-19,DEN,LAC,LAC,SIDE,4.5,TheOver,0.525,"{'LEAGUE': 'NBA', 'HOMETEAM': 'L.A. Clippers', 'AWAYTEAM': 'Denver', 'PICK': 'LAC', 'LINE': 4.5, 'WINPROBABILITY': nan, 'MARKET': 'Spread', 'PICKTEAM': 'L.A. Clippers'}",Denver Nuggets,L.A. Clippers,valid,
NBA|NYK|DET|2026-02-19,NBA,2026-02-19,DET,NYK,DET,SIDE,4.5,TheOver,0.525,"{'LEAGUE': 'NBA', 'HOMETEAM': 'New York', 'AWAYTEAM': 'Detroit', 'PICK': 'DET', 'LINE': 4.5, 'WINPROBABILITY': nan, 'MARKET': 'Spread', 'PICKTEAM': 'Detroit'}",Detroit Pistons,New York Knicks,valid,
NBA|PHI|ATL|2026-02-19,NBA,2026-02-19,ATL,PHI,ATL,SIDE,1.5,TheOver,0.5549999999999999,"{'LEAGUE': 'NBA', 'HOMETEAM': 'Philadelphia', 'AWAYTEAM': 'Atlanta', 'PICK': 'ATL', 'LINE': 1.5, 'WINPROBABILITY': nan, 'MARKET': 'Spread', 'PICKTEAM': 'Atlanta'}",Atlanta Hawks,Philadelphia 76ers,valid,
NBA|SAC|ORL|2026-02-19,NBA,2026-02-19,ORL,SAC,SAC,SIDE,10.5,TheOver,0.465,"{'LEAGUE': 'NBA', 'HOMETEAM': 'Sacramento', 'AWAYTEAM': 'Orlando', 'PICK': 'SAC', 'LINE': 10.5, 'WINPROBABILITY': nan, 'MARKET': 'Spread', 'PICKTEAM': 'Sacramento'}",Orlando Magic,Sacramento Kings,valid,
NBA|SAS|PHX|2026-02-19,NBA,2026-02-19,PHX,SAS,SA,SIDE,-7.5,TheOver,0.645,"{'LEAGUE': 'NBA', 'HOMETEAM': 'San Antonio', 'AWAYTEAM': 'Phoenix', 'PICK': 'SA', 'LINE': -7.5, 'WINPROBABILITY': nan, 'MARKET': 'Spread', 'PICKTEAM': 'San Antonio'}",Phoenix Suns,San Antonio Spurs,potential_mismatch,"PICK 'SA' similar to home code 'SAS' (dist=1), but also close to away 'PHX' (dist=3). Verify correct team."
NBA|WAS|IND|2026-02-19,NBA,2026-02-19,IND,WAS,WAS,SIDE,3.5,TheOver,0.5349999999999999,"{'LEAGUE': 'NBA', 'HOMETEAM': 'Washington', 'AWAYTEAM': 'Indiana', 'PICK': 'WAS', 'LINE': 3.5, 'WINPROBABILITY': nan, 'MARKET': 'Spread', 'PICKTEAM': 'Washington'}",Indiana Pacers,Washington Wizards,valid,
NCAAB|UAPB|TEX|2026-02-19,NCAAB,2026-02-19,TEX,UAPB,TXSO,SIDE,2.5,TheOver,0.5449999999999999,"{'LEAGUE': 'NCAAB', 'HOMETEAM': 'AR-Pine Bluff', 'AWAYTEAM': 'Texas Southern', 'PICK': 'TXSO', 'LINE': 2.5, 'WINPROBABILITY': nan, 'MARKET': 'Spread', 'PICKTEAM': 'Texas Southern'}",Texas Southern,AR-Pine Bluff,unmatched,PICK 'TXSO' doesn't match home 'AR-Pine Bluff' (UAPB) or away 'Texas Southern' (TEX)
NCAAB|APP|MARS|2026-02-19,NCAAB,2026-02-19,MARS,APP,APP,SIDE,-2.5,TheOver,0.595,"{'LEAGUE': 'NCAAB', 'HOMETEAM': 'Appalachian St.', 'AWAYTEAM': 'Marshall', 'PICK': 'APP', 'LINE': -2.5, 'WINPROBABILITY': nan, 'MARKET': 'Spread', 'PICKTEAM': 'Appalachian St.'}",Marshall,Appalachian St.,valid,
NCAAB|CSF|UCD|2026-02-19,NCAAB,2026-02-19,UCD,CSF,UCD,SIDE,1.5,TheOver,0.5549999999999999,"{'LEAGUE': 'NCAAB', 'HOMETEAM': 'CSU Fullerton', 'AWAYTEAM': 'UC Davis', 'PICK': 'UCD', 'LINE': 1.5, 'WINPROBABILITY': nan, 'MARKET': 'Spread', 'PICKTEAM': 'UC Davis'}",UC Davis,CSU Fullerton,valid,
NCAAB|CAMP|WIL|2026-02-19,NCAAB,2026-02-19,WIL,CAMP,CAMP,SIDE,1.5,TheOver,0.5549999999999999,"{'LEAGUE': 'NCAAB', 'HOMETEAM': 'Campbell', 'AWAYTEAM': 'William & Mary', 'PICK': 'CAMP', 'LINE': 1.5, 'WINPROBABILITY': nan, 'MARKET': 'Spread', 'PICKTEAM': 'Campbell'}",William & Mary,Campbell,valid,
NCAAB|CON|LEM|2026-02-19,NCAAB,2026-02-19,LEM,CON,LMC,SIDE,4.5,TheOver,0.525,"{'LEAGUE': 'NCAAB', 'HOMETEAM': 'Central CT', 'AWAYTEAM': 'Le Moyne', 'PICK': 'LMC', 'LINE': 4.5, 'WINPROBABILITY': nan, 'MARKET': 'Spread', 'PICKTEAM': 'Le Moyne'}",Le Moyne,Central CT,potential_mismatch,"PICK 'LMC' similar to away code 'LEM' (dist=2), but also close to home 'CON' (dist=3). Verify correct team."
NCAAB|CHST|FDU|2026-02-19,NCAAB,2026-02-19,FDU,CHST,CHS,SIDE,2.5,TheOver,0.5449999999999999,"{'LEAGUE': 'NCAAB', 'HOMETEAM': 'Chicago St.', 'AWAYTEAM': 'FDU', 'PICK': 'CHS', 'LINE': 2.5, 'WINPROBABILITY': nan, 'MARKET': 'Spread', 'PICKTEAM': 'Chicago St.'}",FDU,Chicago St.,potential_mismatch,"PICK 'CHS' similar to home code 'CHST' (dist=1), but also close to away 'FDU' (dist=3). Verify correct team."
NCAAB|DEN|SOU|2026-02-19,NCAAB,2026-02-19,SOU,DEN,SDAK,SIDE,6.5,TheOver,0.505,"{'LEAGUE': 'NCAAB', 'HOMETEAM': 'Denver', 'AWAYTEAM': 'South Dakota', 'PICK': 'SDAK', 'LINE': 6.5, 'WINPROBABILITY': nan, 'MARKET': 'Spread', 'PICKTEAM': 'South Dakota'}",South Dakota,Denver,unmatched,PICK 'SDAK' doesn't match home 'Denver' (DEN) or away 'South Dakota' (SOU)
NCAAB|EIU|MORE|2026-02-19,NCAAB,2026-02-19,MORE,EIU,EIU,SIDE,2.5,TheOver,0.5449999999999999,"{'LEAGUE': 'NCAAB', 'HOMETEAM': 'Eastern Illinois', 'AWAYTEAM': 'Morehead St.', 'PICK': 'EIU', 'LINE': 2.5, 'WINPROBABILITY': nan, 'MARKET': 'Spread', 'PICKTEAM': 'Eastern Illinois'}",Morehead St.,Eastern Illinois Panthers,valid,
NCAAB|FAMU|AAMU|2026-02-19,NCAAB,2026-02-19,AAMU,FAMU,AAMU,SIDE,2.5,TheOver,0.5449999999999999,"{'LEAGUE': 'NCAAB', 'HOMETEAM': 'Florida A&M', 'AWAYTEAM': 'Alabama A&M', 'PICK': 'AAMU', 'LINE': 2.5, 'WINPROBABILITY': nan, 'MARKET': 'Spread', 'PICKTEAM': 'Alabama A&M'}",Alabama A&M,Florida A&M,valid,
NCAAB|UGA|UGA|2026-02-19,NCAAB,2026-02-19,UGA,UGA,GASO,SIDE,1.5,TheOver,0.5549999999999999,"{'LEAGUE': 'NCAAB', 'HOMETEAM': 'Georgia St.', 'AWAYTEAM': 'Georgia Southern', 'PICK': 'GASO', 'LINE': 1.5, 'WINPROBABILITY': nan, 'MARKET': 'Spread', 'PICKTEAM': 'Morehead State'}",Georgia Southern,Georgia St.,unmatched,PICK 'GASO' doesn't match home 'Georgia St.' (UGA) or away 'Georgia Southern' (UGA)
NCAAB|HPU|UNCA|2026-02-19,NCAAB,2026-02-19,UNCA,HPU,UNCA,SIDE,13.5,TheOver,0.435,"{'LEAGUE': 'NCAAB', 'HOMETEAM': 'High Point', 'AWAYTEAM': 'UNC Asheville', 'PICK': 'UNCA', 'LINE': 13.5, 'WINPROBABILITY': nan, 'MARKET': 'Spread', 'PICKTEAM': 'UNC Asheville'}",UNC Asheville,High Point,valid,
NCAAB|HOF|HAMP|2026-02-19,NCAAB,2026-02-19,HAMP,HOF,HAMP,SIDE,11.5,TheOver,0.455,"{'LEAGUE': 'NCAAB', 'HOMETEAM': 'Hofstra', 'AWAYTEAM': 'Hampton', 'PICK': 'HAMP', 'LINE': 11.5, 'WINPROBABILITY': nan, 'MARKET': 'Spread', 'PICKTEAM': 'Hampton'}",Hampton,Hofstra,valid,
NCAAB|IDST|MONT|2026-02-19,NCAAB,2026-02-19,MONT,IDST,IDST,SIDE,1.5,TheOver,0.5549999999999999,"{'LEAGUE': 'NCAAB', 'HOMETEAM': 'Idaho State', 'AWAYTEAM': 'Montana', 'PICK': 'IDST', 'LINE': 1.5, 'WINPROBABILITY': nan, 'MARKET': 'Spread', 'PICKTEAM': 'Idaho State'}",Montana,Idaho State,valid,
NCAAB|LIB|FLA|2026-02-19,NCAAB,2026-02-19,FLA,LIB,FIU,SIDE,10.5,TheOver,0.465,"{'LEAGUE': 'NCAAB', 'HOMETEAM': 'Liberty', 'AWAYTEAM': 'FIU Panthers', 'PICK': 'FIU', 'LINE': 10.5, 'WINPROBABILITY': nan, 'MARKET': 'Spread', 'PICKTEAM': 'FIU Panthers'}",FIU Panthers,Liberty,potential_mismatch,"PICK 'FIU' similar to home code 'LIB' (dist=2), but also close to away 'FLA' (dist=2). Verify correct team."
NCAAB|UALR|TEN|2026-02-19,NCAAB,2026-02-19,TEN,UALR,UALR,SIDE,1.5,TheOver,0.5549999999999999,"{'LEAGUE': 'NCAAB', 'HOMETEAM': 'Little Rock', 'AWAYTEAM': 'Tenn-Martin', 'PICK': 'UALR', 'LINE': 1.5, 'WINPROBABILITY': nan, 'MARKET': 'Spread', 'PICKTEAM': 'UT Martin'}",Tenn-Martin,Little Rock,valid,
NCAAB|LBSU|UCI|2026-02-19,NCAAB,2026-02-19,UCI,LBSU,LBSU,SIDE,6.5,TheOver,0.505,"{'LEAGUE': 'NCAAB', 'HOMETEAM': 'Long Beach St.', 'AWAYTEAM': 'UC Irvine', 'PICK': 'LBSU', 'LINE': 6.5, 'WINPROBABILITY': nan, 'MARKET': 'Spread', 'PICKTEAM': 'Long Beach St.'}",UC Irvine,Long Beach St.,valid,
NCAAB|MER|CHA|2026-02-19,NCAAB,2026-02-19,CHA,MER,MER,SIDE,-10.5,TheOver,0.675,"{'LEAGUE': 'NCAAB', 'HOMETEAM': 'Mercer', 'AWAYTEAM': 'Chattanooga', 'PICK': 'MER', 'LINE': -10.5, 'WINPROBABILITY': nan, 'MARKET': 'Spread', 'PICKTEAM': 'Mercer'}",Chattanooga Mocs,Mercer,valid,
NCAAB|MERC|WAG|2026-02-19,NCAAB,2026-02-19,WAG,MERC,WAG,SIDE,5.5,TheOver,0.515,"{'LEAGUE': 'NCAAB', 'HOMETEAM': 'Mercyhurst', 'AWAYTEAM': 'Wagner', 'PICK': 'WAG', 'LINE': 5.5, 'WINPROBABILITY': nan, 'MARKET': 'Spread', 'PICKTEAM': 'Wagner'}",Wagner,Mercyhurst,valid,
NCAAB|MVSU|PVAM|2026-02-19,NCAAB,2026-02-19,PVAM,MVSU,MVSU,SIDE,8.5,TheOver,0.485,"{'LEAGUE': 'NCAAB', 'HOMETEAM': 'Miss Valley St', 'AWAYTEAM': 'Prairie View A&M', 'PICK': 'MVSU', 'LINE': 8.5, 'WINPROBABILITY': nan, 'MARKET': 'Spread', 'PICKTEAM': 'Miss Valley St'}",Prairie View A&M,Miss Valley St,valid,
NCAAB|NCAT|COFC|2026-02-19,NCAAB,2026-02-19,COFC,NCAT,NCAT,SIDE,3.5,TheOver,0.5349999999999999,"{'LEAGUE': 'NCAAB', 'HOMETEAM': 'NC A&T', 'AWAYTEAM': 'Charleston', 'PICK': 'NCAT', 'LINE': 3.5, 'WINPROBABILITY': nan, 'MARKET': 'Spread', 'PICKTEAM': 'NC A&T'}",Charleston,NC A&T,valid,
NCAAB|NJIT|ALB|2026-02-19,NCAAB,2026-02-19,ALB,NJIT,ALBY,SIDE,2.5,TheOver,0.5449999999999999,"{'LEAGUE': 'NCAAB', 'HOMETEAM': 'NJIT', 'AWAYTEAM': 'Albany', 'PICK': 'ALBY', 'LINE': 2.5, 'WINPROBABILITY': nan, 'MARKET': 'Spread', 'PICKTEAM': 'Albany'}",Albany,NJIT,potential_mismatch,"PICK 'ALBY' similar to away code 'ALB' (dist=1), but also close to home 'NJIT' (dist=4). Verify correct team."
NCAAB|NEWH|STON|2026-02-19,NCAAB,2026-02-19,STON,NEWH,STONE,SIDE,2.5,TheOver,0.5449999999999999,"{'LEAGUE': 'NCAAB', 'HOMETEAM': 'New Haven', 'AWAYTEAM': 'Stonehill', 'PICK': 'STONE', 'LINE': 2.5, 'WINPROBABILITY': nan, 'MARKET': 'Spread', 'PICKTEAM': 'Stonehill'}",Stonehill,New Haven,potential_mismatch,"PICK 'STONE' similar to away code 'STON' (dist=1), but also close to home 'NEWH' (dist=5). Verify correct team."
NCAAB|UND|UMKC|2026-02-19,NCAAB,2026-02-19,UMKC,UND,UMKC,SIDE,11.5,TheOver,0.455,"{'LEAGUE': 'NCAAB', 'HOMETEAM': 'North Dakota', 'AWAYTEAM': 'Kansas City', 'PICK': 'UMKC', 'LINE': 11.5, 'WINPROBABILITY': nan, 'MARKET': 'Spread', 'PICKTEAM': 'Kansas City'}",Kansas City,North Dakota,valid,
NCAAB|UNF|AUS|2026-02-19,NCAAB,2026-02-19,AUS,UNF,UNF,SIDE,10.5,TheOver,0.465,"{'LEAGUE': 'NCAAB', 'HOMETEAM': 'North Florida', 'AWAYTEAM': 'Austin Peay', 'PICK': 'UNF', 'LINE': 10.5, 'WINPROBABILITY': nan, 'MARKET': 'Spread', 'PICKTEAM': 'Austin Peay'}",Austin Peay,North Florida,valid,
NCAAB|UNT|TULN|2026-02-19,NCAAB,2026-02-19,TULN,UNT,TULN,SIDE,5.5,TheOver,0.515,"{'LEAGUE': 'NCAAB', 'HOMETEAM': 'North Texas', 'AWAYTEAM': 'Tulane', 'PICK': 'TULN', 'LINE': 5.5, 'WINPROBABILITY': nan, 'MARKET': 'Spread', 'PICKTEAM': 'Tulane'}",Tulane Green Wave,North Texas,valid,
NCAAB|NEU|DRE|2026-02-19,NCAAB,2026-02-19,DRE,NEU,NE,SIDE,1.5,TheOver,0.5549999999999999,"{'LEAGUE': 'NCAAB', 'HOMETEAM': 'Northeastern', 'AWAYTEAM': 'Drexel', 'PICK': 'NE', 'LINE': 1.5, 'WINPROBABILITY': nan, 'MARKET': 'Spread', 'PICKTEAM': 'Northeastern'}",Drexel,Northeastern,potential_mismatch,"PICK 'NE' similar to home code 'NEU' (dist=1), but also close to away 'DRE' (dist=2). Verify correct team."
NCAAB|PSU|IDA|2026-02-19,NCAAB,2026-02-19,IDA,PSU,IDHO,SIDE,3.5,TheOver,0.5349999999999999,"{'LEAGUE': 'NCAAB', 'HOMETEAM': 'Portland St.', 'AWAYTEAM': 'Idaho', 'PICK': 'IDHO', 'LINE': 3.5, 'WINPROBABILITY': nan, 'MARKET': 'Spread', 'PICKTEAM': 'Idaho'}",Idaho,Portland St.,potential_mismatch,"PICK 'IDHO' similar to away code 'IDA' (dist=2), but also close to home 'PSU' (dist=4). Verify correct team."
NCAAB|PRE|GW|2026-02-19,NCAAB,2026-02-19,GW,PRE,LONG,SIDE,2.5,TheOver,0.5449999999999999,"{'LEAGUE': 'NCAAB', 'HOMETEAM': 'Presbyterian', 'AWAYTEAM': 'Longwood', 'PICK': 'LONG', 'LINE': 2.5, 'WINPROBABILITY': nan, 'MARKET': 'Spread', 'PICKTEAM': 'Longwood'}",Longwood,Presbyterian,valid_name_match,
NCAAB|RAD|GW|2026-02-19,NCAAB,2026-02-19,GW,RAD,WEBB,SIDE,19.5,TheOver,0.375,"{'LEAGUE': 'NCAAB', 'HOMETEAM': 'Radford', 'AWAYTEAM': 'Gardner-Webb', 'PICK': 'WEBB', 'LINE': 19.5, 'WINPROBABILITY': nan, 'MARKET': 'Spread', 'PICKTEAM': 'Gardner-Webb'}",Gardner-Webb,Radford,valid_name_match,
NCAAB|SOAL|TEX|2026-02-19,NCAAB,2026-02-19,TEX,SOAL,TXST,SIDE,2.5,TheOver,0.5449999999999999,"{'LEAGUE': 'NCAAB', 'HOMETEAM': 'South Alabama', 'AWAYTEAM': 'Texas State', 'PICK': 'TXST', 'LINE': 2.5, 'WINPROBABILITY': nan, 'MARKET': 'Spread', 'PICKTEAM': 'Texas State'}",Texas State,South Alabama,unmatched,PICK 'TXST' doesn't match home 'South Alabama' (SOAL) or away 'Texas State' (TEX)
NCAAB|USF|MEM|2026-02-19,NCAAB,2026-02-19,MEM,USF,MEM,SIDE,8.5,TheOver,0.485,"{'LEAGUE': 'NCAAB', 'HOMETEAM': 'South Florida', 'AWAYTEAM': 'Memphis', 'PICK': 'MEM', 'LINE': 8.5, 'WINPROBABILITY': nan, 'MARKET': 'Spread', 'PICKTEAM': 'Memphis'}",Memphis Tigers,South Florida,valid,
NCAAB|SFP|LIU|2026-02-19,NCAAB,2026-02-19,LIU,SFP,SFPA,SIDE,8.5,TheOver,0.485,"{'LEAGUE': 'NCAAB', 'HOMETEAM': 'St. Francis (PA)', 'AWAYTEAM': 'LIU', 'PICK': 'SFPA', 'LINE': 8.5, 'WINPROBABILITY': nan, 'MARKET': 'Spread', 'PICKTEAM': 'St. Francis (PA)'}",LIU Sharks,St. Francis (PA),potential_mismatch,"PICK 'SFPA' similar to home code 'SFP' (dist=1), but also close to away 'LIU' (dist=4). Verify correct team."
NCAAB|STET|CARK|2026-02-19,NCAAB,2026-02-19,CARK,STET,STET,SIDE,8.5,TheOver,0.485,"{'LEAGUE': 'NCAAB', 'HOMETEAM': 'Stetson', 'AWAYTEAM': 'Central Arkansas', 'PICK': 'STET', 'LINE': 8.5, 'WINPROBABILITY': nan, 'MARKET': 'Spread', 'PICKTEAM': 'Stetson'}",Central Arkansas,Stetson,valid,
NCAAB|TAR|SUU|2026-02-19,NCAAB,2026-02-19,SUU,TAR,SUU,SIDE,5.5,TheOver,0.515,"{'LEAGUE': 'NCAAB', 'HOMETEAM': 'Tarleton State', 'AWAYTEAM': 'Southern Utah', 'PICK': 'SUU', 'LINE': 5.5, 'WINPROBABILITY': nan, 'MARKET': 'Spread', 'PICKTEAM': 'Southern Utah'}",Southern Utah,Tarleton State,valid,
NCAAB|TNST|LIND|2026-02-19,NCAAB,2026-02-19,LIND,TNST,LINW,SIDE,3.5,TheOver,0.5349999999999999,"{'LEAGUE': 'NCAAB', 'HOMETEAM': 'Tennessee St.', 'AWAYTEAM': 'Lindenwood', 'PICK': 'LINW', 'LINE': 3.5, 'WINPROBABILITY': nan, 'MARKET': 'Spread', 'PICKTEAM': 'Lindenwood'}",Lindenwood,Tennessee St.,potential_mismatch,"PICK 'LINW' similar to away code 'LIND' (dist=1), but also close to home 'TNST' (dist=4). Verify correct team."
NCAAB|TNTH|SIUE|2026-02-19,NCAAB,2026-02-19,SIUE,TNTH,TNTC,SIDE,1.5,TheOver,0.5549999999999999,"{'LEAGUE': 'NCAAB', 'HOMETEAM': 'Tennessee Tech', 'AWAYTEAM': 'SIU Edwardsville', 'PICK': 'TNTC', 'LINE': 1.5, 'WINPROBABILITY': nan, 'MARKET': 'Spread', 'PICKTEAM': 'Tennessee Tech'}",SIU Edwardsville,Tennessee Tech,potential_mismatch,"PICK 'TNTC' similar to home code 'TNTH' (dist=1), but also close to away 'SIUE' (dist=4). Verify correct team."
NCAAB|UTA|UTT|2026-02-19,NCAAB,2026-02-19,UTT,UTA,UTA,SIDE,-4.5,TheOver,0.615,"{'LEAGUE': 'NCAAB', 'HOMETEAM': 'Texas-Arlington', 'AWAYTEAM': 'Utah Tech', 'PICK': 'UTA', 'LINE': -4.5, 'WINPROBABILITY': nan, 'MARKET': 'Spread', 'PICKTEAM': 'Utah Tech'}",Utah Tech,Texas-Arlington,valid,
NCAAB|CIT|SAM|2026-02-19,NCAAB,2026-02-19,SAM,CIT,CIT,SIDE,10.5,TheOver,0.465,"{'LEAGUE': 'NCAAB', 'HOMETEAM': 'The Citadel', 'AWAYTEAM': 'Samford', 'PICK': 'CIT', 'LINE': 10.5, 'WINPROBABILITY': nan, 'MARKET': 'Spread', 'PICKTEAM': 'The Citadel'}",Samford,The Citadel,valid,
NCAAB|UCSB|CSUN|2026-02-19,NCAAB,2026-02-19,CSUN,UCSB,CSN,SIDE,4.5,TheOver,0.525,"{'LEAGUE': 'NCAAB', 'HOMETEAM': 'UC Santa Barbara', 'AWAYTEAM': 'CSU Northridge', 'PICK': 'CSN', 'LINE': 4.5, 'WINPROBABILITY': nan, 'MARKET': 'Spread', 'PICKTEAM': 'Cal State Northridge'}",CSU Northridge,UC Santa Barbara,potential_mismatch,"PICK 'CSN' similar to away code 'CSUN' (dist=1), but also close to home 'UCSB' (dist=2). Verify correct team."
NCAAB|ULL|ARK|2026-02-19,NCAAB,2026-02-19,ARK,ULL,ARST,SIDE,-7.5,TheOver,0.645,"{'LEAGUE': 'NCAAB', 'HOMETEAM': 'UL Lafayette', 'AWAYTEAM': 'Arkansas St.', 'PICK': 'ARST', 'LINE': -7.5, 'WINPROBABILITY': nan, 'MARKET': 'Spread', 'PICKTEAM': 'Arkansas St.'}",Arkansas St.,UL Lafayette,potential_mismatch,"PICK 'ARST' similar to away code 'ARK' (dist=2), but also close to home 'ULL' (dist=4). Verify correct team."
NCAAB|UMBC|VER|2026-02-19,NCAAB,2026-02-19,VER,UMBC,UMBC,SIDE,1.5,TheOver,0.5549999999999999,"{'LEAGUE': 'NCAAB', 'HOMETEAM': 'UMBC', 'AWAYTEAM': 'Vermont', 'PICK': 'UMBC', 'LINE': 1.5, 'WINPROBABILITY': nan, 'MARKET': 'Spread', 'PICKTEAM': 'UMBC'}",Vermont,UMBC Retrievers,valid,
NCAAB|UMLO|NEW|2026-02-19,NCAAB,2026-02-19,NEW,UMLO,MASSL,SIDE,-4.5,TheOver,0.615,"{'LEAGUE': 'NCAAB', 'HOMETEAM': 'UMass Lowell', 'AWAYTEAM': 'New Hampshire', 'PICK': 'MASSL', 'LINE': -4.5, 'WINPROBABILITY': nan, 'MARKET': 'Spread', 'PICKTEAM': 'UMass Lowell'}",New Hampshire,UMass Lowell,unmatched,PICK 'MASSL' doesn't match home 'UMass Lowell' (UMLO) or away 'New Hampshire' (NEW)
NCAAB|UNCW|MON|2026-02-19,NCAAB,2026-02-19,MON,UNCW,MONM,SIDE,6.5,TheOver,0.505,"{'LEAGUE': 'NCAAB', 'HOMETEAM': 'UNC Wilmington', 'AWAYTEAM': 'Monmouth-NJ', 'PICK': 'MONM', 'LINE': 6.5, 'WINPROBABILITY': nan, 'MARKET': 'Spread', 'PICKTEAM': 'Monmouth-NJ'}",Monmouth-NJ,UNC Wilmington,potential_mismatch,"PICK 'MONM' similar to away code 'MON' (dist=1), but also close to home 'UNCW' (dist=4). Verify correct team."
NCAAB|WEB|MTST|2026-02-19,NCAAB,2026-02-19,MTST,WEB,MTST,SIDE,1.5,TheOver,0.5549999999999999,"{'LEAGUE': 'NCAAB', 'HOMETEAM': 'Weber St.', 'AWAYTEAM': 'Montana St.', 'PICK': 'MTST', 'LINE': 1.5, 'WINPROBABILITY': nan, 'MARKET': 'Spread', 'PICKTEAM': 'Montana St.'}",Montana St.,Weber St.,valid,
NCAAB|WIN|USCU|2026-02-19,NCAAB,2026-02-19,USCU,WIN,SCUS,SIDE,13.5,TheOver,0.435,"{'LEAGUE': 'NCAAB', 'HOMETEAM': 'Winthrop', 'AWAYTEAM': 'USC Upstate', 'PICK': 'SCUS', 'LINE': 13.5, 'WINPROBABILITY': nan, 'MARKET': 'Spread', 'PICKTEAM': 'USC Upstate'}",USC Upstate,Winthrop,potential_mismatch,"PICK 'SCUS' similar to away code 'USCU' (dist=2), but also close to home 'WIN' (dist=4). Verify correct team."
NCAAB|WRI|IUIN|2026-02-19,NCAAB,2026-02-19,IUIN,WRI,IUPU,SIDE,11.5,TheOver,0.455,"{'LEAGUE': 'NCAAB', 'HOMETEAM': 'Wright St.', 'AWAYTEAM': 'IUPUI', 'PICK': 'IUPU', 'LINE': 11.5, 'WINPROBABILITY': nan, 'MARKET': 'Spread', 'PICKTEAM': 'IUPUI'}",IU Indianapolis,Wright St.,potential_mismatch,"PICK 'IUPU' similar to away code 'IUIN' (dist=2), but also close to home 'WRI' (dist=4). Verify correct team."
