csv_home,csv_away,matched_home,matched_away,source_date,target_date,confidence,status,closest_matches
Buffalo Sabres,Denver,Denver Broncos,Buffalo Bills,2026-01-17,2026-01-17,87.04,MATCH,H: BUFFALO BILLS (Score 74.1); A: DENVER BRONCOS (Score 100.0)
San Francisco,Seattle Kraken,Seattle Seahawks,San Francisco 49ers,2026-01-17,2026-01-17,83.33,MATCH,H: SAN FRANCISCO 49ERS (Score 100.0); A: SEATTLE SEAHAWKS (Score 66.7)
L.A. Lakers,Portland,Portland Trail Blazers,Los Angeles Lakers,2026-01-17,2026-01-17,90.00,MATCH,H: LOS ANGELES LAKERS (Score 80.0); A: PORTLAND TRAIL BLAZERS (Score 100.0)
Indiana,Detroit Red Wings,Detroit Pistons,Indiana Pacers,2026-01-17,2026-01-17,84.38,MATCH,H: INDIANA PACERS (Score 100.0); A: DETROIT PISTONS (Score 68.8)
Utah,Dallas Stars,Dallas Mavericks,Utah Jazz,2026-01-17,2026-01-17,85.71,MATCH,H: UTAH JAZZ (Score 100.0); A: DALLAS MAVERICKS (Score 71.4)
Oklahoma City,Miami Hurricanes,Miami Heat,Oklahoma City Thunder,2026-01-17,2026-01-17,83.33,MATCH,H: OKLAHOMA CITY THUNDER (Score 100.0); A: MIAMI HEAT (Score 66.7)
Boston Bruins,Atlanta,Atlanta Hawks,Boston Celtics,2026-01-17,2026-01-17,83.33,MATCH,H: BOSTON CELTICS (Score 66.7); A: ATLANTA HAWKS (Score 100.0)
Phoenix,New York Knicks,New York Knicks,Phoenix Suns,2026-01-17,2026-01-17,100.00,MATCH,H: PHOENIX SUNS (Score 100.0); A: NEW YORK KNICKS (Score 100.0)
Charlotte,Golden State,Golden State Warriors,Charlotte Hornets,2026-01-17,2026-01-17,100.00,MATCH,H: CHARLOTTE HORNETS (Score 100.0); A: GOLDEN STATE WARRIORS (Score 100.0)
Washington Capitals,Denver,Denver Nuggets,Washington Wizards,2026-01-17,2026-01-17,87.84,MATCH,H: WASHINGTON WIZARDS (Score 75.7); A: DENVER NUGGETS (Score 100.0)
Minnesota Wild,San Antonio,San Antonio Spurs,Minnesota Timberwolves,2026-01-17,2026-01-17,89.13,MATCH,H: MINNESOTA TIMBERWOLVES (Score 78.3); A: SAN ANTONIO SPURS (Score 100.0)
Minnesota Wild,Buffalo Sabres,Buffalo Sabres,Minnesota Wild,2026-01-17,2026-01-17,100.00,MATCH,H: MINNESOTA WILD (Score 100.0); A: BUFFALO SABRES (Score 100.0)
New York Rangers,Philadelphia Flyers,Philadelphia Flyers,New York Rangers,2026-01-17,2026-01-17,100.00,MATCH,H: NEW YORK RANGERS (Score 100.0); A: PHILADELPHIA FLYERS (Score 100.0)
New York Islanders,Calgary Flames,Calgary Flames,New York Islanders,2026-01-17,2026-01-17,100.00,MATCH,H: NEW YORK ISLANDERS (Score 100.0); A: CALGARY FLAMES (Score 100.0)
Seattle Kraken,Utah,Utah Mammoth,Seattle Kraken,2026-01-17,2026-01-17,100.00,MATCH,H: SEATTLE KRAKEN (Score 100.0); A: UTAH (Score 100.0)
Montreal Canadiens,Ottawa Senators,Ottawa Senators,Montréal Canadiens,2026-01-17,2026-01-17,98.57,MATCH,H: MONTRAL CANADIENS (Score 97.1); A: OTTAWA SENATORS (Score 100.0)
Carolina Hurricanes,New Jersey Devils,New Jersey Devils,Carolina Hurricanes,2026-01-17,2026-01-17,100.00,MATCH,H: CAROLINA HURRICANES (Score 100.0); A: NEW JERSEY DEVILS (Score 100.0)
Columbus Blue Jackets,Pittsburgh Panthers,Pittsburgh Penguins,Columbus Blue Jackets,2026-01-17,2026-01-17,86.84,MATCH,H: COLUMBUS BLUE JACKETS (Score 100.0); A: PITTSBURGH PENGUINS (Score 73.7)
Toronto Maple Leafs,Winnipeg Jets,Winnipeg Jets,Toronto Maple Leafs,2026-01-17,2026-01-17,100.00,MATCH,H: TORONTO MAPLE LEAFS (Score 100.0); A: WINNIPEG JETS (Score 100.0)
Boston Bruins,Chicago Blackhawks,Chicago Blackhawks,Boston Bruins,2026-01-17,2026-01-17,100.00,MATCH,H: BOSTON BRUINS (Score 100.0); A: CHICAGO BLACKHAWKS (Score 100.0)
Edmonton Oilers,Vancouver Canucks,Vancouver Canucks,Edmonton Oilers,2026-01-17,2026-01-17,100.00,MATCH,H: EDMONTON OILERS (Score 100.0); A: VANCOUVER CANUCKS (Score 100.0)
Florida Panthers,Washington Capitals,Washington Capitals,Florida Panthers,2026-01-17,2026-01-17,100.00,MATCH,H: FLORIDA PANTHERS (Score 100.0); A: WASHINGTON CAPITALS (Score 100.0)
Los Angeles,Anaheim Ducks,Anaheim Ducks,Los Angeles Kings,2026-01-17,2026-01-17,100.00,MATCH,H: LOS ANGELES KINGS (Score 100.0); A: ANAHEIM DUCKS (Score 100.0)
Alabama Crimson Tide,Oklahoma,Oklahoma Sooners,Alabama Crimson Tide,2026-01-17,2026-01-17,100.00,MATCH,H: ALABAMA CRIMSON TIDE (Score 100.0); A: OKLAHOMA SOONERS (Score 100.0)
Columbia,Brown,Brown Bears,Columbia Lions,2026-01-17,2026-01-17,100.00,MATCH,H: COLUMBIA LIONS (Score 100.0); A: BROWN BEARS (Score 100.0)
Quinnipiac,Merrimack,Merrimack Warriors,Quinnipiac Bobcats,2026-01-17,2026-01-17,100.00,MATCH,H: QUINNIPIAC BOBCATS (Score 100.0); A: MERRIMACK WARRIORS (Score 100.0)
Miami-Florida,Clemson,,,2026-01-17,,0.00,FAIL,Top H: FLORIDA ST SEMINOLES (70.0); Top A: CLEMSON TIGERS (100.0)
Utah St.,Grand Canyon,Grand Canyon Antelopes,Utah State Aggies,2026-01-17,2026-01-17,100.00,MATCH,H: UTAH STATE AGGIES (Score 72.7); A: GRAND CANYON ANTELOPES (Score 100.0)
Rider,Saint Peter's,Saint Peter's Peacocks,Rider Broncs,2026-01-17,2026-01-17,100.00,MATCH,H: RIDER BRONCS (Score 100.0); A: SAINT PETERS PEACOCKS (Score 100.0)
Michigan Wolverines,Oregon Ducks,Oregon Ducks,Michigan Wolverines,2026-01-17,2026-01-17,100.00,MATCH,H: MICHIGAN WOLVERINES (Score 100.0); A: OREGON DUCKS (Score 100.0)
Purdue,USC Trojans,USC Trojans,Purdue Boilermakers,2026-01-17,2026-01-17,100.00,MATCH,H: PURDUE BOILERMAKERS (Score 100.0); A: USC TROJANS (Score 100.0)
Iowa State,Cincinnati,Cincinnati Bearcats,Iowa State Cyclones,2026-01-17,2026-01-17,100.00,MATCH,H: IOWA STATE CYCLONES (Score 100.0); A: CINCINNATI BEARCATS (Score 100.0)
Duquesne,Fordham,Fordham Rams,Duquesne Dukes,2026-01-17,2026-01-17,100.00,MATCH,H: DUQUESNE DUKES (Score 100.0); A: FORDHAM RAMS (Score 100.0)
Northern CO,Sacramento State,,,2026-01-17,,0.00,MISMATCH_PAIR,Top H: NORTHERN ARIZONA LUMBERJACKS (84.2); Top A: SACRAMENTO ST HORNETS (76.9)
Sam Houston St.,FIU Panthers,Florida Int'l Golden Panthers,Sam Houston St Bearkats,2026-01-17,2026-01-17,79.29,MATCH,H: SAM HOUSTON ST BEARKATS (Score 78.6); A: FLORIDA INTL GOLDEN PANTHERS (Score 80.0)
Louisiana Tech,Jacksonville St.,Jacksonville St Gamecocks,Louisiana Tech Bulldogs,2026-01-17,2026-01-17,100.00,MATCH,H: LOUISIANA TECH (Score 100.0); A: JACKSONVILLE ST GAMECOCKS (Score 100.0)
Kennesaw St.,Western Kentucky,Western Kentucky Hilltoppers,Kennesaw St Owls,2026-01-17,2026-01-17,100.00,MATCH,H: KENNESAW ST OWLS (Score 100.0); A: WESTERN KENTUCKY HILLTOPPERS (Score 100.0)
Missouri St.,Middle TN,Middle Tennessee Blue Raiders,Missouri St Bears,2026-01-17,2026-01-17,90.00,MATCH,H: MISSOURI ST BEARS (Score 100.0); A: MIDDLE TENNESSEE (Score 80.0)
Idaho,Weber St.,Weber State Wildcats,Idaho Vandals,2026-01-17,2026-01-17,100.00,MATCH,H: IDAHO VANDALS (Score 100.0); A: WEBER STATE WILDCATS (Score 76.9)
Arkansas St.,Troy,Troy Trojans,Arkansas St Red Wolves,2026-01-17,2026-01-17,100.00,MATCH,H: ARKANSAS ST RED WOLVES (Score 100.0); A: TROY TROJANS (Score 100.0)
Campbell,UNC Wilmington,UNC Wilmington Seahawks,Campbell Fighting Camels,2026-01-17,2026-01-17,100.00,MATCH,H: CAMPBELL FIGHTING CAMELS (Score 100.0); A: UNC WILMINGTON SEAHAWKS (Score 100.0)
Navy,Lehigh,Lehigh Mountain Hawks,Navy Midshipmen,2026-01-17,2026-01-17,100.00,MATCH,H: NAVY (Score 100.0); A: LEHIGH MOUNTAIN HAWKS (Score 100.0)
Nevada Wolf Pack,Air Force,Air Force Falcons,Nevada Wolf Pack,2026-01-17,2026-01-17,100.00,MATCH,H: NEVADA WOLF PACK (Score 100.0); A: AIR FORCE (Score 100.0)
Long Beach St.,CSU Northridge,CSU Northridge Matadors,Long Beach St 49ers,2026-01-17,2026-01-17,100.00,MATCH,H: LONG BEACH ST 49ERS (Score 100.0); A: CSU NORTHRIDGE MATADORS (Score 100.0)
New Mexico,San Diego St.,San Diego St Aztecs,New Mexico Lobos,2026-01-17,2026-01-17,88.24,MATCH,H: NEW MEXICO LOBOS (Score 100.0); A: SAN DIEGO ST AZTECS (Score 76.5)
Florida A&M,AR-Pine Bluff,Arkansas-Pine Bluff Golden Lions,Florida A&M Rattlers,2026-01-17,2026-01-17,100.00,MATCH,H: FLORIDA AM RATTLERS (Score 100.0); A: ARKANSAS PINE BLUFF GOLDEN LIONS (Score 100.0)
Colorado Avalanche,West Virginia Mountaineers,West Virginia Mountaineers,Colorado Buffaloes,2026-01-17,2026-01-17,83.33,MATCH,H: COLORADO BUFFALOES (Score 66.7); A: WEST VIRGINIA MOUNTAINEERS (Score 100.0)
Richmond,Saint Louis,Saint Louis Billikens,Richmond Spiders,2026-01-17,2026-01-17,100.00,MATCH,H: RICHMOND SPIDERS (Score 100.0); A: SAINT LOUIS BILLIKENS (Score 100.0)
Wyoming,Fresno St.,Fresno St Bulldogs,Wyoming Cowboys,2026-01-17,2026-01-17,83.33,MATCH,H: WYOMING COWBOYS (Score 100.0); A: FRESNO ST BULLDOGS (Score 66.7)
Gonzaga,Seattle Kraken,Seattle Redhawks,Gonzaga Bulldogs,2026-01-17,2026-01-17,86.67,MATCH,H: GONZAGA BULLDOGS (Score 100.0); A: SEATTLE REDHAWKS (Score 73.3)
UNLV Rebels,San Jose St.,San José St Spartans,UNLV Rebels,2026-01-17,2026-01-17,85.29,MATCH,H: UNLV REBELS (Score 100.0); A: SAN JOS ST SPARTANS (Score 70.6)
Howard,NC Central,North Carolina Central Eagles,Howard Bison,2026-01-17,2026-01-17,100.00,MATCH,H: HOWARD BISON (Score 100.0); A: NORTH CAROLINA CENTRAL EAGLES (Score 100.0)
Michigan St.,Washington Capitals,Washington Huskies,Michigan St Spartans,2026-01-17,2026-01-17,73.95,MATCH,H: MICHIGAN ST SPARTANS (Score 76.5); A: WASHINGTON HUSKIES (Score 71.4)
New Mexico St.,Delaware,Delaware Blue Hens,New Mexico St Aggies,2026-01-17,2026-01-17,100.00,MATCH,H: NEW MEXICO ST AGGIES (Score 100.0); A: DELAWARE BLUE HENS (Score 100.0)
Texas-El Paso,Liberty,,,2026-01-17,,0.00,FAIL,Top H: TEXAS AM AGGIES (64.3); Top A: LIBERTY FLAMES (100.0)
North Florida,Central Arkansas,Central Arkansas Bears,North Florida Ospreys,2026-01-17,2026-01-17,100.00,MATCH,H: NORTH FLORIDA OSPREYS (Score 100.0); A: CENTRAL ARKANSAS BEARS (Score 100.0)
Queens NC,Stetson,Stetson Hatters,Queens University Royals,2026-01-17,2026-01-17,90.00,MATCH,H: QUEENS UNIVERSITY ROYALS (Score 80.0); A: STETSON HATTERS (Score 100.0)
Kentucky Wildcats,Tennessee Volunteers,Tennessee Volunteers,Kentucky Wildcats,2026-01-17,2026-01-17,100.00,MATCH,H: KENTUCKY WILDCATS (Score 100.0); A: TENNESSEE VOLUNTEERS (Score 100.0)
Florida Panthers,Vanderbilt Commodores,Vanderbilt Commodores,Florida Gators,2026-01-17,2026-01-17,90.00,MATCH,H: FLORIDA GATORS (Score 80.0); A: VANDERBILT COMMODORES (Score 100.0)
Old Dominion,Appalachian St.,Appalachian St Mountaineers,Old Dominion Monarchs,2026-01-17,2026-01-17,100.00,MATCH,H: OLD DOMINION MONARCHS (Score 100.0); A: APPALACHIAN ST MOUNTAINEERS (Score 100.0)
James Madison,Marshall,Marshall Thundering Herd,James Madison Dukes,2026-01-17,2026-01-17,100.00,MATCH,H: JAMES MADISON DUKES (Score 100.0); A: MARSHALL THUNDERING HERD (Score 100.0)
Coastal Carolina,Georgia Southern,Georgia Southern Eagles,Coastal Carolina Chanticleers,2026-01-17,2026-01-17,100.00,MATCH,H: COASTAL CAROLINA CHANTICLEERS (Score 100.0); A: GEORGIA SOUTHERN EAGLES (Score 100.0)
Mercer,UNC Greensboro,UNC Greensboro Spartans,Mercer Bears,2026-01-17,2026-01-17,100.00,MATCH,H: MERCER BEARS (Score 100.0); A: UNC GREENSBORO SPARTANS (Score 100.0)
Chattanooga Mocs,Western Carolina Catamounts,Western Carolina Catamounts,Chattanooga Mocs,2026-01-17,2026-01-17,100.00,MATCH,H: CHATTANOOGA MOCS (Score 100.0); A: WESTERN CAROLINA CATAMOUNTS (Score 100.0)
Elon University,Hofstra,Hofstra Pride,Elon Phoenix,2026-01-17,2026-01-17,75.93,MATCH,H: ELON PHOENIX (Score 51.9); A: HOFSTRA PRIDE (Score 100.0)
Le Moyne,Chicago St.,Chicago St Cougars,Le Moyne Dolphins,2026-01-17,2026-01-17,100.00,MATCH,H: LE MOYNE DOLPHINS (Score 100.0); A: CHICAGO ST COUGARS (Score 100.0)
Stonehill,Mercyhurst,Mercyhurst Lakers,Stonehill Skyhawks,2026-01-17,2026-01-17,100.00,MATCH,H: STONEHILL SKYHAWKS (Score 100.0); A: MERCYHURST LAKERS (Score 100.0)
Princeton,Harvard,Harvard Crimson,Princeton Tigers,2026-01-17,2026-01-17,100.00,MATCH,H: PRINCETON TIGERS (Score 100.0); A: HARVARD CRIMSON (Score 100.0)
Siena,Manhattan,Manhattan Jaspers,Siena Saints,2026-01-17,2026-01-17,100.00,MATCH,H: SIENA SAINTS (Score 100.0); A: MANHATTAN JASPERS (Score 100.0)
Fairfield,Marist,Marist Red Foxes,Fairfield Stags,2026-01-17,2026-01-17,100.00,MATCH,H: FAIRFIELD STAGS (Score 100.0); A: MARIST RED FOXES (Score 100.0)
Mount St. Mary's,Canisius,Canisius Golden Griffins,Mt. St. Mary's Mountaineers,2026-01-17,2026-01-17,86.84,MATCH,H: MT ST MARYS MOUNTAINEERS (Score 73.7); A: CANISIUS (Score 100.0)
Buffalo Sabres,Miami (OH),Miami (OH) RedHawks,Buffalo Bulls,2026-01-17,2026-01-17,70.37,MATCH,H: BUFFALO BULLS (Score 74.1); A: MIAMI OH REDHAWKS (Score 66.7)
Eastern Michigan,Bowling Green,Bowling Green Falcons,Eastern Michigan Eagles,2026-01-17,2026-01-17,100.00,MATCH,H: EASTERN MICHIGAN EAGLES (Score 100.0); A: BOWLING GREEN FALCONS (Score 100.0)
Western Michigan,Akron,Akron Zips,Western Michigan Broncos,2026-01-17,2026-01-17,100.00,MATCH,H: WESTERN MICHIGAN BRONCOS (Score 100.0); A: AKRON ZIPS (Score 100.0)
Detroit Mercy,IUPUI,IUPUI Jaguars,Detroit Mercy Titans,2026-01-17,2026-01-17,100.00,MATCH,H: DETROIT MERCY TITANS (Score 100.0); A: IUPUI JAGUARS (Score 100.0)
Youngstown St.,Cleveland St.,Cleveland St Vikings,Youngstown St Penguins,2026-01-17,2026-01-17,87.50,MATCH,H: YOUNGSTOWN ST PENGUINS (Score 100.0); A: CLEVELAND ST VIKINGS (Score 75.0)
Cornell,Yale,Yale Bulldogs,Cornell Big Red,2026-01-17,2026-01-17,100.00,MATCH,H: CORNELL BIG RED (Score 100.0); A: YALE BULLDOGS (Score 100.0)
Virginia Cavaliers,SMU,,,2026-01-17,,0.00,FAIL,Top H: VIRGINIA CAVALIERS (100.0); Top A: SOUTHERN UTAH THUNDERBIRDS (68.2)
Notre Dame,Virginia Tech Hokies,Virginia Tech Hokies,Notre Dame Fighting Irish,2026-01-17,2026-01-17,100.00,MATCH,H: NOTRE DAME FIGHTING IRISH (Score 100.0); A: VIRGINIA TECH HOKIES (Score 100.0)
Connecticut,Georgetown,,,2026-01-17,,0.00,MISMATCH_PAIR,Top H: CENTRAL CONNECTICUT ST BLUE DEVILS (100.0); Top A: GEORGETOWN HOYAS (100.0)
Butler,Seton Hall,Seton Hall Pirates,Butler Bulldogs,2026-01-17,2026-01-17,100.00,MATCH,H: BUTLER BULLDOGS (Score 100.0); A: SETON HALL PIRATES (Score 100.0)
Presbyterian,Gardner-Webb,Gardner-Webb Bulldogs,Presbyterian Blue Hose,2026-01-17,2026-01-17,100.00,MATCH,H: PRESBYTERIAN BLUE HOSE (Score 100.0); A: GARDNER WEBB BULLDOGS (Score 100.0)
Winthrop,UNC Asheville,,,2026-01-17,,0.00,MISMATCH_PAIR,Top H: WINTHROP EAGLES (100.0); Top A: NORTH CAROLINA TAR HEELS (75.0)
Holy Cross,Lafayette,Lafayette Leopards,Holy Cross Crusaders,2026-01-17,2026-01-17,100.00,MATCH,H: HOLY CROSS CRUSADERS (Score 100.0); A: LAFAYETTE LEOPARDS (Score 100.0)
Minnesota Wild,Illinois Fighting Illini,Illinois Fighting Illini,Minnesota Golden Gophers,2026-01-17,2026-01-17,89.13,MATCH,H: MINNESOTA GOLDEN GOPHERS (Score 78.3); A: ILLINOIS FIGHTING ILLINI (Score 100.0)
Iowa Hawkeyes,Indiana,Indiana Hoosiers,Iowa Hawkeyes,2026-01-17,2026-01-17,100.00,MATCH,H: IOWA HAWKEYES (Score 100.0); A: INDIANA HOOSIERS (Score 100.0)
UCLA Bruins,Ohio St.,Ohio State Buckeyes,UCLA Bruins,2026-01-17,2026-01-17,100.00,MATCH,H: UCLA BRUINS (Score 100.0); A: OHIO STATE (Score 100.0)
Rutgers,Wisconsin,Wisconsin Badgers,Rutgers Scarlet Knights,2026-01-17,2026-01-17,100.00,MATCH,H: RUTGERS SCARLET KNIGHTS (Score 100.0); A: WISCONSIN BADGERS (Score 100.0)
Texas Christian,Utah,Southern Utah Thunderbirds,Abilene Christian Wildcats,2026-01-17,2026-01-17,87.50,MATCH,H: ABILENE CHRISTIAN WILDCATS (Score 75.0); A: SOUTHERN UTAH THUNDERBIRDS (Score 95.0)
St. Bonaventure,La Salle,La Salle Explorers,St. Bonaventure Bonnies,2026-01-17,2026-01-17,89.29,MATCH,H: ST BONAVENTURE BONNIES (Score 78.6); A: LA SALLE EXPLORERS (Score 100.0)
Bucknell,Colgate,Colgate Raiders,Bucknell Bison,2026-01-17,2026-01-17,100.00,MATCH,H: BUCKNELL BISON (Score 100.0); A: COLGATE RAIDERS (Score 100.0)
Bradley,Illinois St.,Illinois St Redbirds,Bradley Braves,2026-01-17,2026-01-17,100.00,MATCH,H: BRADLEY BRAVES (Score 100.0); A: ILLINOIS ST REDBIRDS (Score 100.0)
Western Illinois,Little Rock,Arkansas-Little Rock Trojans,Western Illinois Leathernecks,2026-01-17,2026-01-17,100.00,MATCH,H: WESTERN ILLINOIS LEATHERNECKS (Score 100.0); A: ARKANSAS LITTLE ROCK TROJANS (Score 95.0)
Jacksonville,North Alabama,North Alabama Lions,Jacksonville Dolphins,2026-01-17,2026-01-17,100.00,MATCH,H: JACKSONVILLE DOLPHINS (Score 100.0); A: NORTH ALABAMA LIONS (Score 100.0)
Arkansas Razorbacks,Georgia,Georgia Bulldogs,Arkansas Razorbacks,2026-01-17,2026-01-17,100.00,MATCH,H: ARKANSAS RAZORBACKS (Score 100.0); A: GEORGIA BULLDOGS (Score 100.0)
Central CT,St. Francis (PA),St. Francis (PA) Red Flash,Central Connecticut St Blue Devils,2026-01-17,2026-01-17,79.64,MATCH,H: CENTRAL CONNECTICUT ST BLUE DEVILS (Score 82.4); A: ST FRANCIS PA RED FLASH (Score 76.9)
Wagner,New Haven,New Haven Chargers,Wagner Seahawks,2026-01-17,2026-01-17,100.00,MATCH,H: WAGNER SEAHAWKS (Score 100.0); A: NEW HAVEN CHARGERS (Score 100.0)
South Dakota,North Dakota,North Dakota Fighting Hawks,South Dakota Coyotes,2026-01-17,2026-01-17,100.00,MATCH,H: SOUTH DAKOTA COYOTES (Score 100.0); A: NORTH DAKOTA FIGHTING HAWKS (Score 100.0)
Longwood,Radford,Radford Highlanders,Longwood Lancers,2026-01-17,2026-01-17,100.00,MATCH,H: LONGWOOD LANCERS (Score 100.0); A: RADFORD HIGHLANDERS (Score 100.0)
Nebraska,Northwestern,Northwestern Wildcats,Nebraska Cornhuskers,2026-01-17,2026-01-17,100.00,MATCH,H: NEBRASKA CORNHUSKERS (Score 100.0); A: NORTHWESTERN WILDCATS (Score 100.0)
Arizona Coyotes,Central Florida,UCF Knights,Arizona Wildcats,2026-01-17,2026-01-17,85.48,MATCH,H: ARIZONA WILDCATS (Score 71.0); A: UCF KNIGHTS (Score 100.0)
Texas Southern,Alcorn St.,Alcorn St Braves,Texas Southern Tigers,2026-01-17,2026-01-17,100.00,MATCH,H: TEXAS SOUTHERN TIGERS (Score 100.0); A: ALCORN ST BRAVES (Score 100.0)
Indiana St.,Murray St.,Murray St Racers,Indiana St Sycamores,2026-01-17,2026-01-17,100.00,MATCH,H: INDIANA ST SYCAMORES (Score 100.0); A: MURRAY ST RACERS (Score 100.0)
Northern Iowa,Valparaiso,Valparaiso Beacons,Northern Iowa Panthers,2026-01-17,2026-01-17,100.00,MATCH,H: NORTHERN IOWA PANTHERS (Score 100.0); A: VALPARAISO BEACONS (Score 100.0)
Texas-Arlington,Utah Valley,Utah Valley Wolverines,UT-Arlington Mavericks,2026-01-17,2026-01-17,87.50,MATCH,H: UT ARLINGTON MAVERICKS (Score 75.0); A: UTAH VALLEY WOLVERINES (Score 100.0)
Morehead St.,Tennessee Tech,Tennessee Tech Golden Eagles,Morehead St Eagles,2026-01-17,2026-01-17,100.00,MATCH,H: MOREHEAD ST EAGLES (Score 100.0); A: TENNESSEE TECH GOLDEN EAGLES (Score 100.0)
SIU Edwardsville,SE Missouri St.,SE Missouri St Redhawks,SIU-Edwardsville Cougars,2026-01-17,2026-01-17,65.25,MATCH,H: SIU EDWARDSVILLE COUGARS (Score 66.7); A: SE MISSOURI ST REDHAWKS (Score 63.8)
Northern Arizona,Portland St.,Portland St Vikings,Northern Arizona Lumberjacks,2026-01-17,2026-01-17,100.00,MATCH,H: NORTHERN ARIZONA LUMBERJACKS (Score 100.0); A: PORTLAND ST VIKINGS (Score 100.0)
Morgan St.,Delaware State,Delaware St Hornets,Morgan St Bears,2026-01-17,2026-01-17,100.00,MATCH,H: MORGAN ST BEARS (Score 100.0); A: DELAWARE ST HORNETS (Score 100.0)
Southern Miss,Texas State,Texas State Bobcats,Southern Miss Golden Eagles,2026-01-17,2026-01-17,100.00,MATCH,H: SOUTHERN MISS GOLDEN EAGLES (Score 100.0); A: TEXAS STATE BOBCATS (Score 100.0)
Lamar,Nicholls State,Nicholls St Colonels,Lamar Cardinals,2026-01-17,2026-01-17,86.36,MATCH,H: LAMAR CARDINALS (Score 100.0); A: NICHOLLS ST COLONELS (Score 72.7)
Northwestern St.,Incarnate Word,Incarnate Word Cardinals,Northwestern St Demons,2026-01-17,2026-01-17,100.00,MATCH,H: NORTHWESTERN ST DEMONS (Score 100.0); A: INCARNATE WORD CARDINALS (Score 100.0)
SE Louisiana,Texas A&M-CC,Texas A&M-CC Islanders,SE Louisiana Lions,2026-01-17,2026-01-17,100.00,MATCH,H: SE LOUISIANA LIONS (Score 100.0); A: TEXAS AM CC ISLANDERS (Score 100.0)
UC San Diego,CSU Bakersfield,CSU Bakersfield Roadrunners,UC San Diego Tritons,2026-01-17,2026-01-17,100.00,MATCH,H: UC SAN DIEGO TRITONS (Score 100.0); A: CSU BAKERSFIELD ROADRUNNERS (Score 100.0)
Charleston,Stony Brook,Stony Brook Seawolves,Charleston Cougars,2026-01-17,2026-01-17,100.00,MATCH,H: CHARLESTON COUGARS (Score 100.0); A: STONY BROOK SEAWOLVES (Score 100.0)
Coppin St.,MD Eastern,Maryland-Eastern Shore Hawks,Coppin St Eagles,2026-01-17,2026-01-17,100.00,MATCH,H: COPPIN ST EAGLES (Score 100.0); A: MARYLAND EASTERN SHORE HAWKS (Score 100.0)
Southern,Grambling State,Grambling St Tigers,Southern Jaguars,2026-01-17,2026-01-17,91.18,MATCH,H: SOUTHERN JAGUARS (Score 100.0); A: GRAMBLING ST TIGERS (Score 82.4)
Prairie View A&M,Jackson State,Jackson St Tigers,Prairie View Panthers,2026-01-17,2026-01-17,90.00,MATCH,H: PRAIRIE VIEW PANTHERS (Score 100.0); A: JACKSON ST TIGERS (Score 80.0)
Tarleton State,Utah Tech,Utah Tech Trailblazers,Tarleton State Texans,2026-01-17,2026-01-17,100.00,MATCH,H: TARLETON STATE TEXANS (Score 100.0); A: UTAH TECH TRAILBLAZERS (Score 100.0)
Austin Peay,Lipscomb,Lipscomb Bisons,Austin Peay Governors,2026-01-17,2026-01-17,100.00,MATCH,H: AUSTIN PEAY GOVERNORS (Score 100.0); A: LIPSCOMB BISONS (Score 100.0)
Bellarmine,Eastern Kentucky,Eastern Kentucky Colonels,Bellarmine Knights,2026-01-17,2026-01-17,100.00,MATCH,H: BELLARMINE KNIGHTS (Score 100.0); A: EASTERN KENTUCKY COLONELS (Score 100.0)
South Carolina Gamecocks,Auburn Tigers,Auburn Tigers,South Carolina Gamecocks,2026-01-17,2026-01-17,100.00,MATCH,H: SOUTH CAROLINA GAMECOCKS (Score 100.0); A: AUBURN TIGERS (Score 100.0)
Texas A&M Aggies,Texas,Texas Longhorns,Texas A&M Aggies,2026-01-17,2026-01-17,100.00,MATCH,H: TEXAS AM AGGIES (Score 100.0); A: TEXAS AM AGGIES (Score 100.0)
Eastern WA,Idaho State,Idaho State Bengals,Eastern Washington Eagles,2026-01-17,2026-01-17,100.00,MATCH,H: EASTERN WASHINGTON EAGLES (Score 82.4); A: IDAHO STATE BENGALS (Score 100.0)
Montana,Montana St.,Montana St Bobcats,Montana Grizzlies,2026-01-17,2026-01-17,85.00,MATCH,H: MONTANA GRIZZLIES (Score 100.0); A: MONTANA GRIZZLIES (Score 70.0)
Wofford,Furman,Furman Paladins,Wofford Terriers,2026-01-17,2026-01-17,100.00,MATCH,H: WOFFORD TERRIERS (Score 100.0); A: FURMAN PALADINS (Score 100.0)
Robert Morris,Northern KY,Northern Kentucky Norse,Robert Morris Colonials,2026-01-17,2026-01-17,92.11,MATCH,H: ROBERT MORRIS COLONIALS (Score 100.0); A: NORTHERN KENTUCKY NORSE (Score 84.2)
Nebraska Omaha,Oral Roberts,Oral Roberts Golden Eagles,Omaha Mavericks,2026-01-17,2026-01-17,81.03,MATCH,H: OMAHA MAVERICKS (Score 62.1); A: ORAL ROBERTS GOLDEN EAGLES (Score 100.0)
Wake Forest,Florida State,Florida St Seminoles,Wake Forest Demon Deacons,2026-01-17,2026-01-17,85.00,MATCH,H: WAKE FOREST DEMON DEACONS (Score 100.0); A: FLORIDA ST SEMINOLES (Score 70.0)
Louisville,Pittsburgh Panthers,Pittsburgh Panthers,Louisville Cardinals,2026-01-17,2026-01-17,100.00,MATCH,H: LOUISVILLE CARDINALS (Score 100.0); A: PITTSBURGH PANTHERS (Score 100.0)
Duke,Stanford,Stanford Cardinal,Duke Blue Devils,2026-01-17,2026-01-17,100.00,MATCH,H: DUKE BLUE DEVILS (Score 100.0); A: STANFORD CARDINAL (Score 100.0)
CSU Fullerton,UC Riverside,UC Riverside Highlanders,CSU Fullerton Titans,2026-01-17,2026-01-17,100.00,MATCH,H: CSU FULLERTON TITANS (Score 100.0); A: UC RIVERSIDE HIGHLANDERS (Score 100.0)
USC Upstate,High Point,High Point Panthers,South Carolina Upstate Spartans,2026-01-17,2026-01-17,88.89,MATCH,H: SOUTH CAROLINA UPSTATE SPARTANS (Score 77.8); A: HIGH POINT PANTHERS (Score 100.0)
Bethune-Cookman,Miss Valley St,Miss Valley St Delta Devils,Bethune-Cookman Wildcats,2026-01-17,2026-01-17,100.00,MATCH,H: BETHUNE COOKMAN WILDCATS (Score 100.0); A: MISS VALLEY ST DELTA DEVILS (Score 100.0)
Pacific,Oregon St.,Oregon St Beavers,Pacific Tigers,2026-01-17,2026-01-17,83.33,MATCH,H: PACIFIC TIGERS (Score 100.0); A: OREGON ST BEAVERS (Score 66.7)
Portland,Loyola Marymount,Loyola Marymount Lions,Portland Pilots,2026-01-17,2026-01-17,100.00,MATCH,H: PORTLAND PILOTS (Score 100.0); A: LOYOLA MARYMOUNT LIONS (Score 100.0)
Belmont,Southern IL,Southern Illinois Salukis,Belmont Bruins,2026-01-17,2026-01-17,100.00,MATCH,H: BELMONT BRUINS (Score 100.0); A: SOUTHERN ILLINOIS SALUKIS (Score 100.0)
Kansas State,Oklahoma State,Oklahoma St Cowboys,Kansas St Wildcats,2026-01-17,2026-01-17,73.03,MATCH,H: KANSAS ST WILDCATS (Score 73.3); A: OKLAHOMA ST COWBOYS (Score 72.7)
Saint Mary's,Santa Clara,Santa Clara Broncos,Saint Mary's Gaels,2026-01-17,2026-01-17,100.00,MATCH,H: SAINT MARYS GAELS (Score 100.0); A: SANTA CLARA BRONCOS (Score 100.0)
UC Irvine,UC Davis,UC Davis Aggies,UC Irvine Anteaters,2026-01-17,2026-01-17,100.00,MATCH,H: UC IRVINE ANTEATERS (Score 100.0); A: UC DAVIS AGGIES (Score 100.0)
Hawaii,UC Santa Barbara,UC Santa Barbara Gauchos,Hawai'i Rainbow Warriors,2026-01-17,2026-01-17,100.00,MATCH,H: HAWAII RAINBOW WARRIORS (Score 100.0); A: UC SANTA BARBARA GAUCHOS (Score 100.0)
North Carolina,California,California Golden Bears,North Carolina Tar Heels,2026-01-17,2026-01-17,100.00,MATCH,H: NORTH CAROLINA TAR HEELS (Score 100.0); A: CALIFORNIA GOLDEN BEARS (Score 100.0)
Atlanta,Boston Bruins,Atlanta Hawks,Boston Celtics,2026-01-17,2026-01-17,83.33,MATCH,H: ATLANTA HAWKS (Score 100.0); A: BOSTON CELTICS (Score 66.7)
Dallas Stars,Utah,Dallas Mavericks,Utah Jazz,2026-01-17,2026-01-17,85.71,MATCH,H: DALLAS MAVERICKS (Score 71.4); A: UTAH JAZZ (Score 100.0)
Detroit Red Wings,Indiana,Detroit Pistons,Indiana Pacers,2026-01-17,2026-01-17,84.38,MATCH,H: DETROIT PISTONS (Score 68.8); A: INDIANA PACERS (Score 100.0)
Miami Hurricanes,Oklahoma City,Miami Heat,Oklahoma City Thunder,2026-01-17,2026-01-17,83.33,MATCH,H: MIAMI HEAT (Score 66.7); A: OKLAHOMA CITY THUNDER (Score 100.0)
New York Knicks,Phoenix,New York Knicks,Phoenix Suns,2026-01-17,2026-01-17,100.00,MATCH,H: NEW YORK KNICKS (Score 100.0); A: PHOENIX SUNS (Score 100.0)
Portland,L.A. Lakers,Portland Trail Blazers,Los Angeles Lakers,2026-01-17,2026-01-17,90.00,MATCH,H: PORTLAND TRAIL BLAZERS (Score 100.0); A: LOS ANGELES LAKERS (Score 80.0)
San Antonio,Minnesota Wild,San Antonio Spurs,Minnesota Timberwolves,2026-01-17,2026-01-17,89.13,MATCH,H: SAN ANTONIO SPURS (Score 100.0); A: MINNESOTA TIMBERWOLVES (Score 78.3)
AR-Pine Bluff,Florida A&M,Arkansas-Pine Bluff Golden Lions,Florida A&M Rattlers,2026-01-17,2026-01-17,100.00,MATCH,H: ARKANSAS PINE BLUFF GOLDEN LIONS (Score 100.0); A: FLORIDA AM RATTLERS (Score 100.0)
Air Force,Nevada Wolf Pack,Air Force Falcons,Nevada Wolf Pack,2026-01-17,2026-01-17,100.00,MATCH,H: AIR FORCE (Score 100.0); A: NEVADA WOLF PACK (Score 100.0)
Akron,Western Michigan,Akron Zips,Western Michigan Broncos,2026-01-17,2026-01-17,100.00,MATCH,H: AKRON ZIPS (Score 100.0); A: WESTERN MICHIGAN BRONCOS (Score 100.0)
Alcorn St.,Texas Southern,Alcorn St Braves,Texas Southern Tigers,2026-01-17,2026-01-17,100.00,MATCH,H: ALCORN ST BRAVES (Score 100.0); A: TEXAS SOUTHERN TIGERS (Score 100.0)
Appalachian St.,Old Dominion,Appalachian St Mountaineers,Old Dominion Monarchs,2026-01-17,2026-01-17,100.00,MATCH,H: APPALACHIAN ST MOUNTAINEERS (Score 100.0); A: OLD DOMINION MONARCHS (Score 100.0)
Auburn Tigers,South Carolina Gamecocks,Auburn Tigers,South Carolina Gamecocks,2026-01-17,2026-01-17,100.00,MATCH,H: AUBURN TIGERS (Score 100.0); A: SOUTH CAROLINA GAMECOCKS (Score 100.0)
Bowling Green,Eastern Michigan,Bowling Green Falcons,Eastern Michigan Eagles,2026-01-17,2026-01-17,100.00,MATCH,H: BOWLING GREEN FALCONS (Score 100.0); A: EASTERN MICHIGAN EAGLES (Score 100.0)
Brown,Columbia,Brown Bears,Columbia Lions,2026-01-17,2026-01-17,100.00,MATCH,H: BROWN BEARS (Score 100.0); A: COLUMBIA LIONS (Score 100.0)
CSU Bakersfield,UC San Diego,CSU Bakersfield Roadrunners,UC San Diego Tritons,2026-01-17,2026-01-17,100.00,MATCH,H: CSU BAKERSFIELD ROADRUNNERS (Score 100.0); A: UC SAN DIEGO TRITONS (Score 100.0)
CSU Northridge,Long Beach St.,CSU Northridge Matadors,Long Beach St 49ers,2026-01-17,2026-01-17,100.00,MATCH,H: CSU NORTHRIDGE MATADORS (Score 100.0); A: LONG BEACH ST 49ERS (Score 100.0)
California,North Carolina,California Golden Bears,North Carolina Tar Heels,2026-01-17,2026-01-17,100.00,MATCH,H: CALIFORNIA GOLDEN BEARS (Score 100.0); A: NORTH CAROLINA TAR HEELS (Score 100.0)
Canisius,Mount St. Mary's,Canisius Golden Griffins,Mt. St. Mary's Mountaineers,2026-01-17,2026-01-17,86.84,MATCH,H: CANISIUS (Score 100.0); A: MT ST MARYS MOUNTAINEERS (Score 73.7)
Central Arkansas,North Florida,Central Arkansas Bears,North Florida Ospreys,2026-01-17,2026-01-17,100.00,MATCH,H: CENTRAL ARKANSAS BEARS (Score 100.0); A: NORTH FLORIDA OSPREYS (Score 100.0)
Central Florida,Arizona Coyotes,UCF Knights,Arizona Wildcats,2026-01-17,2026-01-17,85.48,MATCH,H: UCF KNIGHTS (Score 100.0); A: ARIZONA WILDCATS (Score 71.0)
Chicago St.,Le Moyne,Chicago St Cougars,Le Moyne Dolphins,2026-01-17,2026-01-17,100.00,MATCH,H: CHICAGO ST COUGARS (Score 100.0); A: LE MOYNE DOLPHINS (Score 100.0)
Cincinnati,Iowa State,Cincinnati Bearcats,Iowa State Cyclones,2026-01-17,2026-01-17,100.00,MATCH,H: CINCINNATI BEARCATS (Score 100.0); A: IOWA STATE CYCLONES (Score 100.0)
Clemson,Miami-Florida,,,2026-01-17,,0.00,FAIL,Top H: CLEMSON TIGERS (100.0); Top A: FLORIDA ST SEMINOLES (70.0)
Cleveland St.,Youngstown St.,Cleveland St Vikings,Youngstown St Penguins,2026-01-17,2026-01-17,87.50,MATCH,H: CLEVELAND ST VIKINGS (Score 75.0); A: YOUNGSTOWN ST PENGUINS (Score 100.0)
Colgate,Bucknell,Colgate Raiders,Bucknell Bison,2026-01-17,2026-01-17,100.00,MATCH,H: COLGATE RAIDERS (Score 100.0); A: BUCKNELL BISON (Score 100.0)
Delaware,New Mexico St.,Delaware Blue Hens,New Mexico St Aggies,2026-01-17,2026-01-17,100.00,MATCH,H: DELAWARE BLUE HENS (Score 100.0); A: NEW MEXICO ST AGGIES (Score 100.0)
Delaware State,Morgan St.,Delaware St Hornets,Morgan St Bears,2026-01-17,2026-01-17,100.00,MATCH,H: DELAWARE ST HORNETS (Score 100.0); A: MORGAN ST BEARS (Score 100.0)
FIU Panthers,Sam Houston St.,Florida Int'l Golden Panthers,Sam Houston St Bearkats,2026-01-17,2026-01-17,79.29,MATCH,H: FLORIDA INTL GOLDEN PANTHERS (Score 80.0); A: SAM HOUSTON ST BEARKATS (Score 78.6)
Florida State,Wake Forest,Florida St Seminoles,Wake Forest Demon Deacons,2026-01-17,2026-01-17,85.00,MATCH,H: FLORIDA ST SEMINOLES (Score 70.0); A: WAKE FOREST DEMON DEACONS (Score 100.0)
Fordham,Duquesne,Fordham Rams,Duquesne Dukes,2026-01-17,2026-01-17,100.00,MATCH,H: FORDHAM RAMS (Score 100.0); A: DUQUESNE DUKES (Score 100.0)
Fresno St.,Wyoming,Fresno St Bulldogs,Wyoming Cowboys,2026-01-17,2026-01-17,83.33,MATCH,H: FRESNO ST BULLDOGS (Score 66.7); A: WYOMING COWBOYS (Score 100.0)
Furman,Wofford,Furman Paladins,Wofford Terriers,2026-01-17,2026-01-17,100.00,MATCH,H: FURMAN PALADINS (Score 100.0); A: WOFFORD TERRIERS (Score 100.0)
Gardner-Webb,Presbyterian,Gardner-Webb Bulldogs,Presbyterian Blue Hose,2026-01-17,2026-01-17,100.00,MATCH,H: GARDNER WEBB BULLDOGS (Score 100.0); A: PRESBYTERIAN BLUE HOSE (Score 100.0)
Georgetown,Connecticut,,,2026-01-17,,0.00,MISMATCH_PAIR,Top H: GEORGETOWN HOYAS (100.0); Top A: CENTRAL CONNECTICUT ST BLUE DEVILS (100.0)
Georgia,Arkansas Razorbacks,Georgia Bulldogs,Arkansas Razorbacks,2026-01-17,2026-01-17,100.00,MATCH,H: GEORGIA BULLDOGS (Score 100.0); A: ARKANSAS RAZORBACKS (Score 100.0)
Georgia Southern,Coastal Carolina,Georgia Southern Eagles,Coastal Carolina Chanticleers,2026-01-17,2026-01-17,100.00,MATCH,H: GEORGIA SOUTHERN EAGLES (Score 100.0); A: COASTAL CAROLINA CHANTICLEERS (Score 100.0)
Grambling State,Southern,Grambling St Tigers,Southern Jaguars,2026-01-17,2026-01-17,91.18,MATCH,H: GRAMBLING ST TIGERS (Score 82.4); A: SOUTHERN JAGUARS (Score 100.0)
Grand Canyon,Utah St.,Grand Canyon Antelopes,Utah State Aggies,2026-01-17,2026-01-17,100.00,MATCH,H: GRAND CANYON ANTELOPES (Score 100.0); A: UTAH STATE AGGIES (Score 72.7)
Harvard,Princeton,Harvard Crimson,Princeton Tigers,2026-01-17,2026-01-17,100.00,MATCH,H: HARVARD CRIMSON (Score 100.0); A: PRINCETON TIGERS (Score 100.0)
High Point,USC Upstate,High Point Panthers,South Carolina Upstate Spartans,2026-01-17,2026-01-17,88.89,MATCH,H: HIGH POINT PANTHERS (Score 100.0); A: SOUTH CAROLINA UPSTATE SPARTANS (Score 77.8)
Hofstra,Elon University,Hofstra Pride,Elon Phoenix,2026-01-17,2026-01-17,75.93,MATCH,H: HOFSTRA PRIDE (Score 100.0); A: ELON PHOENIX (Score 51.9)
IUPUI,Detroit Mercy,IUPUI Jaguars,Detroit Mercy Titans,2026-01-17,2026-01-17,100.00,MATCH,H: IUPUI JAGUARS (Score 100.0); A: DETROIT MERCY TITANS (Score 100.0)
Idaho State,Eastern WA,Idaho State Bengals,Eastern Washington Eagles,2026-01-17,2026-01-17,100.00,MATCH,H: IDAHO STATE BENGALS (Score 100.0); A: EASTERN WASHINGTON EAGLES (Score 82.4)
Illinois Fighting Illini,Minnesota Wild,Illinois Fighting Illini,Minnesota Golden Gophers,2026-01-17,2026-01-17,89.13,MATCH,H: ILLINOIS FIGHTING ILLINI (Score 100.0); A: MINNESOTA GOLDEN GOPHERS (Score 78.3)
Illinois St.,Bradley,Illinois St Redbirds,Bradley Braves,2026-01-17,2026-01-17,100.00,MATCH,H: ILLINOIS ST REDBIRDS (Score 100.0); A: BRADLEY BRAVES (Score 100.0)
Incarnate Word,Northwestern St.,Incarnate Word Cardinals,Northwestern St Demons,2026-01-17,2026-01-17,100.00,MATCH,H: INCARNATE WORD CARDINALS (Score 100.0); A: NORTHWESTERN ST DEMONS (Score 100.0)
Indiana,Iowa Hawkeyes,Indiana Hoosiers,Iowa Hawkeyes,2026-01-17,2026-01-17,100.00,MATCH,H: INDIANA HOOSIERS (Score 100.0); A: IOWA HAWKEYES (Score 100.0)
Jackson State,Prairie View A&M,Jackson St Tigers,Prairie View Panthers,2026-01-17,2026-01-17,90.00,MATCH,H: JACKSON ST TIGERS (Score 80.0); A: PRAIRIE VIEW PANTHERS (Score 100.0)
Jacksonville St.,Louisiana Tech,Jacksonville St Gamecocks,Louisiana Tech Bulldogs,2026-01-17,2026-01-17,100.00,MATCH,H: JACKSONVILLE ST GAMECOCKS (Score 100.0); A: LOUISIANA TECH (Score 100.0)
La Salle,St. Bonaventure,La Salle Explorers,St. Bonaventure Bonnies,2026-01-17,2026-01-17,89.29,MATCH,H: LA SALLE EXPLORERS (Score 100.0); A: ST BONAVENTURE BONNIES (Score 78.6)
Lafayette,Holy Cross,Lafayette Leopards,Holy Cross Crusaders,2026-01-17,2026-01-17,100.00,MATCH,H: LAFAYETTE LEOPARDS (Score 100.0); A: HOLY CROSS CRUSADERS (Score 100.0)
Lehigh,Navy,Lehigh Mountain Hawks,Navy Midshipmen,2026-01-17,2026-01-17,100.00,MATCH,H: LEHIGH MOUNTAIN HAWKS (Score 100.0); A: NAVY (Score 100.0)
Liberty,Texas-El Paso,,,2026-01-17,,0.00,FAIL,Top H: LIBERTY FLAMES (100.0); Top A: TEXAS AM AGGIES (64.3)
Lipscomb,Austin Peay,Lipscomb Bisons,Austin Peay Governors,2026-01-17,2026-01-17,100.00,MATCH,H: LIPSCOMB BISONS (Score 100.0); A: AUSTIN PEAY GOVERNORS (Score 100.0)
Little Rock,Western Illinois,Arkansas-Little Rock Trojans,Western Illinois Leathernecks,2026-01-17,2026-01-17,100.00,MATCH,H: ARKANSAS LITTLE ROCK TROJANS (Score 95.0); A: WESTERN ILLINOIS LEATHERNECKS (Score 100.0)
Loyola Marymount,Portland,Loyola Marymount Lions,Portland Pilots,2026-01-17,2026-01-17,100.00,MATCH,H: LOYOLA MARYMOUNT LIONS (Score 100.0); A: PORTLAND PILOTS (Score 100.0)
MD Eastern,Coppin St.,Maryland-Eastern Shore Hawks,Coppin St Eagles,2026-01-17,2026-01-17,100.00,MATCH,H: MARYLAND EASTERN SHORE HAWKS (Score 100.0); A: COPPIN ST EAGLES (Score 100.0)
Manhattan,Siena,Manhattan Jaspers,Siena Saints,2026-01-17,2026-01-17,100.00,MATCH,H: MANHATTAN JASPERS (Score 100.0); A: SIENA SAINTS (Score 100.0)
Marist,Fairfield,Marist Red Foxes,Fairfield Stags,2026-01-17,2026-01-17,100.00,MATCH,H: MARIST RED FOXES (Score 100.0); A: FAIRFIELD STAGS (Score 100.0)
Marshall,James Madison,Marshall Thundering Herd,James Madison Dukes,2026-01-17,2026-01-17,100.00,MATCH,H: MARSHALL THUNDERING HERD (Score 100.0); A: JAMES MADISON DUKES (Score 100.0)
Mercyhurst,Stonehill,Mercyhurst Lakers,Stonehill Skyhawks,2026-01-17,2026-01-17,100.00,MATCH,H: MERCYHURST LAKERS (Score 100.0); A: STONEHILL SKYHAWKS (Score 100.0)
Merrimack,Quinnipiac,Merrimack Warriors,Quinnipiac Bobcats,2026-01-17,2026-01-17,100.00,MATCH,H: MERRIMACK WARRIORS (Score 100.0); A: QUINNIPIAC BOBCATS (Score 100.0)
Miami (OH),Buffalo Sabres,Miami (OH) RedHawks,Buffalo Bulls,2026-01-17,2026-01-17,70.37,MATCH,H: MIAMI OH REDHAWKS (Score 66.7); A: BUFFALO BULLS (Score 74.1)
Middle TN,Missouri St.,Middle Tennessee Blue Raiders,Missouri St Bears,2026-01-17,2026-01-17,90.00,MATCH,H: MIDDLE TENNESSEE (Score 80.0); A: MISSOURI ST BEARS (Score 100.0)
Miss Valley St,Bethune-Cookman,Miss Valley St Delta Devils,Bethune-Cookman Wildcats,2026-01-17,2026-01-17,100.00,MATCH,H: MISS VALLEY ST DELTA DEVILS (Score 100.0); A: BETHUNE COOKMAN WILDCATS (Score 100.0)
Montana St.,Montana,Montana St Bobcats,Montana Grizzlies,2026-01-17,2026-01-17,85.00,MATCH,H: MONTANA GRIZZLIES (Score 70.0); A: MONTANA GRIZZLIES (Score 100.0)
Murray St.,Indiana St.,Murray St Racers,Indiana St Sycamores,2026-01-17,2026-01-17,100.00,MATCH,H: MURRAY ST RACERS (Score 100.0); A: INDIANA ST SYCAMORES (Score 100.0)
NC Central,Howard,North Carolina Central Eagles,Howard Bison,2026-01-17,2026-01-17,100.00,MATCH,H: NORTH CAROLINA CENTRAL EAGLES (Score 100.0); A: HOWARD BISON (Score 100.0)
Nicholls State,Lamar,Nicholls St Colonels,Lamar Cardinals,2026-01-17,2026-01-17,86.36,MATCH,H: NICHOLLS ST COLONELS (Score 72.7); A: LAMAR CARDINALS (Score 100.0)
North Alabama,Jacksonville,North Alabama Lions,Jacksonville Dolphins,2026-01-17,2026-01-17,100.00,MATCH,H: NORTH ALABAMA LIONS (Score 100.0); A: JACKSONVILLE DOLPHINS (Score 100.0)
North Dakota,South Dakota,North Dakota Fighting Hawks,South Dakota Coyotes,2026-01-17,2026-01-17,100.00,MATCH,H: NORTH DAKOTA FIGHTING HAWKS (Score 100.0); A: SOUTH DAKOTA COYOTES (Score 100.0)
Northern KY,Robert Morris,Northern Kentucky Norse,Robert Morris Colonials,2026-01-17,2026-01-17,92.11,MATCH,H: NORTHERN KENTUCKY NORSE (Score 84.2); A: ROBERT MORRIS COLONIALS (Score 100.0)
Northwestern,Nebraska,Northwestern Wildcats,Nebraska Cornhuskers,2026-01-17,2026-01-17,100.00,MATCH,H: NORTHWESTERN WILDCATS (Score 100.0); A: NEBRASKA CORNHUSKERS (Score 100.0)
Ohio St.,UCLA Bruins,Ohio State Buckeyes,UCLA Bruins,2026-01-17,2026-01-17,100.00,MATCH,H: OHIO STATE (Score 100.0); A: UCLA BRUINS (Score 100.0)
Oklahoma,Alabama Crimson Tide,Oklahoma Sooners,Alabama Crimson Tide,2026-01-17,2026-01-17,100.00,MATCH,H: OKLAHOMA SOONERS (Score 100.0); A: ALABAMA CRIMSON TIDE (Score 100.0)
Oklahoma State,Kansas State,Oklahoma St Cowboys,Kansas St Wildcats,2026-01-17,2026-01-17,73.03,MATCH,H: OKLAHOMA ST COWBOYS (Score 72.7); A: KANSAS ST WILDCATS (Score 73.3)
Oral Roberts,Nebraska Omaha,Oral Roberts Golden Eagles,Omaha Mavericks,2026-01-17,2026-01-17,81.03,MATCH,H: ORAL ROBERTS GOLDEN EAGLES (Score 100.0); A: OMAHA MAVERICKS (Score 62.1)
Oregon Ducks,Michigan Wolverines,Oregon Ducks,Michigan Wolverines,2026-01-17,2026-01-17,100.00,MATCH,H: OREGON DUCKS (Score 100.0); A: MICHIGAN WOLVERINES (Score 100.0)
Oregon St.,Pacific,Oregon St Beavers,Pacific Tigers,2026-01-17,2026-01-17,83.33,MATCH,H: OREGON ST BEAVERS (Score 66.7); A: PACIFIC TIGERS (Score 100.0)
Pittsburgh Panthers,Louisville,Pittsburgh Panthers,Louisville Cardinals,2026-01-17,2026-01-17,100.00,MATCH,H: PITTSBURGH PANTHERS (Score 100.0); A: LOUISVILLE CARDINALS (Score 100.0)
Portland St.,Northern Arizona,Portland St Vikings,Northern Arizona Lumberjacks,2026-01-17,2026-01-17,100.00,MATCH,H: PORTLAND ST VIKINGS (Score 100.0); A: NORTHERN ARIZONA LUMBERJACKS (Score 100.0)
Radford,Longwood,Radford Highlanders,Longwood Lancers,2026-01-17,2026-01-17,100.00,MATCH,H: RADFORD HIGHLANDERS (Score 100.0); A: LONGWOOD LANCERS (Score 100.0)
SE Missouri St.,SIU Edwardsville,SE Missouri St Redhawks,SIU-Edwardsville Cougars,2026-01-17,2026-01-17,65.25,MATCH,H: SE MISSOURI ST REDHAWKS (Score 63.8); A: SIU EDWARDSVILLE COUGARS (Score 66.7)
SMU,Virginia Cavaliers,,,2026-01-17,,0.00,FAIL,Top H: SOUTHERN UTAH THUNDERBIRDS (68.2); Top A: VIRGINIA CAVALIERS (100.0)
Sacramento State,Northern CO,,,2026-01-17,,0.00,MISMATCH_PAIR,Top H: SACRAMENTO ST HORNETS (76.9); Top A: NORTHERN ARIZONA LUMBERJACKS (84.2)
Saint Louis,Richmond,Saint Louis Billikens,Richmond Spiders,2026-01-17,2026-01-17,100.00,MATCH,H: SAINT LOUIS BILLIKENS (Score 100.0); A: RICHMOND SPIDERS (Score 100.0)
Saint Peter's,Rider,Saint Peter's Peacocks,Rider Broncs,2026-01-17,2026-01-17,100.00,MATCH,H: SAINT PETERS PEACOCKS (Score 100.0); A: RIDER BRONCS (Score 100.0)
San Diego St.,New Mexico,San Diego St Aztecs,New Mexico Lobos,2026-01-17,2026-01-17,88.24,MATCH,H: SAN DIEGO ST AZTECS (Score 76.5); A: NEW MEXICO LOBOS (Score 100.0)
San Jose St.,UNLV Rebels,San José St Spartans,UNLV Rebels,2026-01-17,2026-01-17,85.29,MATCH,H: SAN JOS ST SPARTANS (Score 70.6); A: UNLV REBELS (Score 100.0)
Santa Clara,Saint Mary's,Santa Clara Broncos,Saint Mary's Gaels,2026-01-17,2026-01-17,100.00,MATCH,H: SANTA CLARA BRONCOS (Score 100.0); A: SAINT MARYS GAELS (Score 100.0)
Seattle Kraken,Gonzaga,Seattle Redhawks,Gonzaga Bulldogs,2026-01-17,2026-01-17,86.67,MATCH,H: SEATTLE REDHAWKS (Score 73.3); A: GONZAGA BULLDOGS (Score 100.0)
Seton Hall,Butler,Seton Hall Pirates,Butler Bulldogs,2026-01-17,2026-01-17,100.00,MATCH,H: SETON HALL PIRATES (Score 100.0); A: BUTLER BULLDOGS (Score 100.0)
Southern IL,Belmont,Southern Illinois Salukis,Belmont Bruins,2026-01-17,2026-01-17,100.00,MATCH,H: SOUTHERN ILLINOIS SALUKIS (Score 100.0); A: BELMONT BRUINS (Score 100.0)
St. Francis (PA),Central CT,St. Francis (PA) Red Flash,Central Connecticut St Blue Devils,2026-01-17,2026-01-17,79.64,MATCH,H: ST FRANCIS PA RED FLASH (Score 76.9); A: CENTRAL CONNECTICUT ST BLUE DEVILS (Score 82.4)
Stanford,Duke,Stanford Cardinal,Duke Blue Devils,2026-01-17,2026-01-17,100.00,MATCH,H: STANFORD CARDINAL (Score 100.0); A: DUKE BLUE DEVILS (Score 100.0)
Stony Brook,Charleston,Stony Brook Seawolves,Charleston Cougars,2026-01-17,2026-01-17,100.00,MATCH,H: STONY BROOK SEAWOLVES (Score 100.0); A: CHARLESTON COUGARS (Score 100.0)
Tennessee Volunteers,Kentucky Wildcats,Tennessee Volunteers,Kentucky Wildcats,2026-01-17,2026-01-17,100.00,MATCH,H: TENNESSEE VOLUNTEERS (Score 100.0); A: KENTUCKY WILDCATS (Score 100.0)
Tennessee Tech,Morehead St.,Tennessee Tech Golden Eagles,Morehead St Eagles,2026-01-17,2026-01-17,100.00,MATCH,H: TENNESSEE TECH GOLDEN EAGLES (Score 100.0); A: MOREHEAD ST EAGLES (Score 100.0)
Texas,Texas A&M Aggies,Texas Longhorns,Texas A&M Aggies,2026-01-17,2026-01-17,100.00,MATCH,H: TEXAS AM AGGIES (Score 100.0); A: TEXAS AM AGGIES (Score 100.0)
Texas A&M-CC,SE Louisiana,Texas A&M-CC Islanders,SE Louisiana Lions,2026-01-17,2026-01-17,100.00,MATCH,H: TEXAS AM CC ISLANDERS (Score 100.0); A: SE LOUISIANA LIONS (Score 100.0)
Texas State,Southern Miss,Texas State Bobcats,Southern Miss Golden Eagles,2026-01-17,2026-01-17,100.00,MATCH,H: TEXAS STATE BOBCATS (Score 100.0); A: SOUTHERN MISS GOLDEN EAGLES (Score 100.0)
Troy,Arkansas St.,Troy Trojans,Arkansas St Red Wolves,2026-01-17,2026-01-17,100.00,MATCH,H: TROY TROJANS (Score 100.0); A: ARKANSAS ST RED WOLVES (Score 100.0)
UC Davis,UC Irvine,UC Davis Aggies,UC Irvine Anteaters,2026-01-17,2026-01-17,100.00,MATCH,H: UC DAVIS AGGIES (Score 100.0); A: UC IRVINE ANTEATERS (Score 100.0)
UC Riverside,CSU Fullerton,UC Riverside Highlanders,CSU Fullerton Titans,2026-01-17,2026-01-17,100.00,MATCH,H: UC RIVERSIDE HIGHLANDERS (Score 100.0); A: CSU FULLERTON TITANS (Score 100.0)
UC Santa Barbara,Hawaii,UC Santa Barbara Gauchos,Hawai'i Rainbow Warriors,2026-01-17,2026-01-17,100.00,MATCH,H: UC SANTA BARBARA GAUCHOS (Score 100.0); A: HAWAII RAINBOW WARRIORS (Score 100.0)
UNC Asheville,Winthrop,,,2026-01-17,,0.00,MISMATCH_PAIR,Top H: NORTH CAROLINA TAR HEELS (75.0); Top A: WINTHROP EAGLES (100.0)
UNC Greensboro,Mercer,UNC Greensboro Spartans,Mercer Bears,2026-01-17,2026-01-17,100.00,MATCH,H: UNC GREENSBORO SPARTANS (Score 100.0); A: MERCER BEARS (Score 100.0)
UNC Wilmington,Campbell,UNC Wilmington Seahawks,Campbell Fighting Camels,2026-01-17,2026-01-17,100.00,MATCH,H: UNC WILMINGTON SEAHAWKS (Score 100.0); A: CAMPBELL FIGHTING CAMELS (Score 100.0)
USC Trojans,Purdue,USC Trojans,Purdue Boilermakers,2026-01-17,2026-01-17,100.00,MATCH,H: USC TROJANS (Score 100.0); A: PURDUE BOILERMAKERS (Score 100.0)
Utah,Texas Christian,Southern Utah Thunderbirds,Abilene Christian Wildcats,2026-01-17,2026-01-17,87.50,MATCH,H: SOUTHERN UTAH THUNDERBIRDS (Score 95.0); A: ABILENE CHRISTIAN WILDCATS (Score 75.0)
Utah Tech,Tarleton State,Utah Tech Trailblazers,Tarleton State Texans,2026-01-17,2026-01-17,100.00,MATCH,H: UTAH TECH TRAILBLAZERS (Score 100.0); A: TARLETON STATE TEXANS (Score 100.0)
Utah Valley,Texas-Arlington,Utah Valley Wolverines,UT-Arlington Mavericks,2026-01-17,2026-01-17,87.50,MATCH,H: UTAH VALLEY WOLVERINES (Score 100.0); A: UT ARLINGTON MAVERICKS (Score 75.0)
Valparaiso,Northern Iowa,Valparaiso Beacons,Northern Iowa Panthers,2026-01-17,2026-01-17,100.00,MATCH,H: VALPARAISO BEACONS (Score 100.0); A: NORTHERN IOWA PANTHERS (Score 100.0)
Vanderbilt Commodores,Florida Panthers,Vanderbilt Commodores,Florida Gators,2026-01-17,2026-01-17,90.00,MATCH,H: VANDERBILT COMMODORES (Score 100.0); A: FLORIDA GATORS (Score 80.0)
Virginia Tech Hokies,Notre Dame,Virginia Tech Hokies,Notre Dame Fighting Irish,2026-01-17,2026-01-17,100.00,MATCH,H: VIRGINIA TECH HOKIES (Score 100.0); A: NOTRE DAME FIGHTING IRISH (Score 100.0)
Washington Capitals,Michigan St.,Washington Huskies,Michigan St Spartans,2026-01-17,2026-01-17,73.95,MATCH,H: WASHINGTON HUSKIES (Score 71.4); A: MICHIGAN ST SPARTANS (Score 76.5)
Weber St.,Idaho,Weber State Wildcats,Idaho Vandals,2026-01-17,2026-01-17,100.00,MATCH,H: WEBER STATE WILDCATS (Score 76.9); A: IDAHO VANDALS (Score 100.0)
West Virginia Mountaineers,Colorado Avalanche,West Virginia Mountaineers,Colorado Buffaloes,2026-01-17,2026-01-17,83.33,MATCH,H: WEST VIRGINIA MOUNTAINEERS (Score 100.0); A: COLORADO BUFFALOES (Score 66.7)
Western Carolina Catamounts,Chattanooga Mocs,Western Carolina Catamounts,Chattanooga Mocs,2026-01-17,2026-01-17,100.00,MATCH,H: WESTERN CAROLINA CATAMOUNTS (Score 100.0); A: CHATTANOOGA MOCS (Score 100.0)
Western Kentucky,Kennesaw St.,Western Kentucky Hilltoppers,Kennesaw St Owls,2026-01-17,2026-01-17,100.00,MATCH,H: WESTERN KENTUCKY HILLTOPPERS (Score 100.0); A: KENNESAW ST OWLS (Score 100.0)
Wisconsin,Rutgers,Wisconsin Badgers,Rutgers Scarlet Knights,2026-01-17,2026-01-17,100.00,MATCH,H: WISCONSIN BADGERS (Score 100.0); A: RUTGERS SCARLET KNIGHTS (Score 100.0)
Yale,Cornell,Yale Bulldogs,Cornell Big Red,2026-01-17,2026-01-17,100.00,MATCH,H: YALE BULLDOGS (Score 100.0); A: CORNELL BIG RED (Score 100.0)
Denver,Buffalo Sabres,Denver Broncos,Buffalo Bills,2026-01-17,2026-01-17,87.04,MATCH,H: DENVER BRONCOS (Score 100.0); A: BUFFALO BILLS (Score 74.1)
Seattle Kraken,San Francisco,Seattle Seahawks,San Francisco 49ers,2026-01-17,2026-01-17,83.33,MATCH,H: SEATTLE SEAHAWKS (Score 66.7); A: SAN FRANCISCO 49ERS (Score 100.0)
Buffalo Sabres,Minnesota Wild,Buffalo Sabres,Minnesota Wild,2026-01-17,2026-01-17,100.00,MATCH,H: BUFFALO SABRES (Score 100.0); A: MINNESOTA WILD (Score 100.0)
Calgary Flames,New York Islanders,Calgary Flames,New York Islanders,2026-01-17,2026-01-17,100.00,MATCH,H: CALGARY FLAMES (Score 100.0); A: NEW YORK ISLANDERS (Score 100.0)
Chicago Blackhawks,Boston Bruins,Chicago Blackhawks,Boston Bruins,2026-01-17,2026-01-17,100.00,MATCH,H: CHICAGO BLACKHAWKS (Score 100.0); A: BOSTON BRUINS (Score 100.0)
New Jersey Devils,Carolina Hurricanes,New Jersey Devils,Carolina Hurricanes,2026-01-17,2026-01-17,100.00,MATCH,H: NEW JERSEY DEVILS (Score 100.0); A: CAROLINA HURRICANES (Score 100.0)
Ottawa Senators,Montreal Canadiens,Ottawa Senators,Montréal Canadiens,2026-01-17,2026-01-17,98.57,MATCH,H: OTTAWA SENATORS (Score 100.0); A: MONTRAL CANADIENS (Score 97.1)
Philadelphia Flyers,New York Rangers,Philadelphia Flyers,New York Rangers,2026-01-17,2026-01-17,100.00,MATCH,H: PHILADELPHIA FLYERS (Score 100.0); A: NEW YORK RANGERS (Score 100.0)
Pittsburgh Panthers,Columbus Blue Jackets,Pittsburgh Penguins,Columbus Blue Jackets,2026-01-17,2026-01-17,86.84,MATCH,H: PITTSBURGH PENGUINS (Score 73.7); A: COLUMBUS BLUE JACKETS (Score 100.0)
Utah,Seattle Kraken,Utah Mammoth,Seattle Kraken,2026-01-17,2026-01-17,100.00,MATCH,H: UTAH (Score 100.0); A: SEATTLE KRAKEN (Score 100.0)
Vancouver Canucks,Edmonton Oilers,Vancouver Canucks,Edmonton Oilers,2026-01-17,2026-01-17,100.00,MATCH,H: VANCOUVER CANUCKS (Score 100.0); A: EDMONTON OILERS (Score 100.0)
Winnipeg Jets,Toronto Maple Leafs,Winnipeg Jets,Toronto Maple Leafs,2026-01-17,2026-01-17,100.00,MATCH,H: WINNIPEG JETS (Score 100.0); A: TORONTO MAPLE LEAFS (Score 100.0)
